[2026-07-13 16:49:59] [31merror[39m: 403 - You do not have permission to upload video. - /api/videos - POST
[2026-07-13 16:49:59] [31merror[39m: Error: You do not have permission to upload video.
    at createError (C:\Users\satar\.gemini\antigravity\scratch\clipmind-ai\backend\src\middleware\error.middleware.js:42:17)
    at C:\Users\satar\.gemini\antigravity\scratch\clipmind-ai\backend\src\middleware\rbac.middleware.js:59:17
    at Layer.handle [as handle_request] (C:\Users\satar\.gemini\antigravity\scratch\clipmind-ai\backend\node_modules\express\lib\router\layer.js:95:5)
    at next (C:\Users\satar\.gemini\antigravity\scratch\clipmind-ai\backend\node_modules\express\lib\router\route.js:149:13)
    at authenticate (C:\Users\satar\.gemini\antigravity\scratch\clipmind-ai\backend\src\middleware\auth.middleware.js:26:5)
[2026-07-13 16:50:15] [31merror[39m: 403 - You do not have permission to upload video. - /api/videos - POST
[2026-07-13 16:50:15] [31merror[39m: Error: You do not have permission to upload video.
    at createError (C:\Users\satar\.gemini\antigravity\scratch\clipmind-ai\backend\src\middleware\error.middleware.js:42:17)
    at C:\Users\satar\.gemini\antigravity\scratch\clipmind-ai\backend\src\middleware\rbac.middleware.js:59:17
    at Layer.handle [as handle_request] (C:\Users\satar\.gemini\antigravity\scratch\clipmind-ai\backend\node_modules\express\lib\router\layer.js:95:5)
    at next (C:\Users\satar\.gemini\antigravity\scratch\clipmind-ai\backend\node_modules\express\lib\router\route.js:149:13)
    at authenticate (C:\Users\satar\.gemini\antigravity\scratch\clipmind-ai\backend\src\middleware\auth.middleware.js:26:5)
[2026-07-13 16:50:16] [31merror[39m: 403 - You do not have permission to upload video. - /api/videos - POST
[2026-07-13 16:50:16] [31merror[39m: Error: You do not have permission to upload video.
    at createError (C:\Users\satar\.gemini\antigravity\scratch\clipmind-ai\backend\src\middleware\error.middleware.js:42:17)
    at C:\Users\satar\.gemini\antigravity\scratch\clipmind-ai\backend\src\middleware\rbac.middleware.js:59:17
    at Layer.handle [as handle_request] (C:\Users\satar\.gemini\antigravity\scratch\clipmind-ai\backend\node_modules\express\lib\router\layer.js:95:5)
    at next (C:\Users\satar\.gemini\antigravity\scratch\clipmind-ai\backend\node_modules\express\lib\router\route.js:149:13)
    at authenticate (C:\Users\satar\.gemini\antigravity\scratch\clipmind-ai\backend\src\middleware\auth.middleware.js:26:5)
[2026-07-13 16:52:11] [31merror[39m: 409 - An account with this email already exists. - /api/auth/register - POST
[2026-07-13 16:52:11] [31merror[39m: Error: An account with this email already exists.
    at createError (C:\Users\satar\.gemini\antigravity\scratch\clipmind-ai\backend\src\middleware\error.middleware.js:42:17)
    at register (C:\Users\satar\.gemini\antigravity\scratch\clipmind-ai\backend\src\controllers\auth.controller.js:35:29)
[2026-07-13 16:53:53] [31merror[39m: [FFmpeg] Processing failed for video 96abb300-88c8-48cf-82ef-2be7dafa6680: Cannot find ffprobe
[2026-07-13 16:53:53] [31merror[39m: FFmpeg processing failed for video 96abb300-88c8-48cf-82ef-2be7dafa6680: Cannot find ffprobe
[2026-07-13 16:58:35] [31merror[39m: 404 - Video not found. - /api/videos/96abb300-88c8-48cf-82ef-2be7dafa6680 - GET
[2026-07-13 16:58:35] [31merror[39m: Error: Video not found.
    at createError (C:\Users\satar\.gemini\antigravity\scratch\clipmind-ai\backend\src\middleware\error.middleware.js:42:17)
    at getVideo (C:\Users\satar\.gemini\antigravity\scratch\clipmind-ai\backend\src\controllers\video.controller.js:100:27)
[2026-07-13 16:58:35] [31merror[39m: 404 - Video not found. - /api/videos/96abb300-88c8-48cf-82ef-2be7dafa6680 - GET
[2026-07-13 16:58:35] [31merror[39m: Error: Video not found.
    at createError (C:\Users\satar\.gemini\antigravity\scratch\clipmind-ai\backend\src\middleware\error.middleware.js:42:17)
    at getVideo (C:\Users\satar\.gemini\antigravity\scratch\clipmind-ai\backend\src\controllers\video.controller.js:100:27)
[2026-07-13 16:59:02] [31merror[39m: 404 - Video not found. - /api/videos/96abb300-88c8-48cf-82ef-2be7dafa6680 - GET
[2026-07-13 16:59:02] [31merror[39m: Error: Video not found.
    at createError (C:\Users\satar\.gemini\antigravity\scratch\clipmind-ai\backend\src\middleware\error.middleware.js:42:17)
    at getVideo (C:\Users\satar\.gemini\antigravity\scratch\clipmind-ai\backend\src\controllers\video.controller.js:100:27)
[2026-07-13 16:59:02] [31merror[39m: 404 - Video not found. - /api/videos/96abb300-88c8-48cf-82ef-2be7dafa6680 - GET
[2026-07-13 16:59:02] [31merror[39m: Error: Video not found.
    at createError (C:\Users\satar\.gemini\antigravity\scratch\clipmind-ai\backend\src\middleware\error.middleware.js:42:17)
    at getVideo (C:\Users\satar\.gemini\antigravity\scratch\clipmind-ai\backend\src\controllers\video.controller.js:100:27)
[2026-07-13 17:01:56] [31merror[39m: 401 - Invalid email or password. - /api/auth/login - POST
[2026-07-13 17:01:56] [31merror[39m: Error: Invalid email or password.
    at createError (C:\Users\satar\.gemini\antigravity\scratch\clipmind-ai\backend\src\middleware\error.middleware.js:42:17)
    at login (C:\Users\satar\.gemini\antigravity\scratch\clipmind-ai\backend\src\controllers\auth.controller.js:66:26)
[2026-07-13 17:02:04] [31merror[39m: 401 - Invalid email or password. - /api/auth/login - POST
[2026-07-13 17:02:04] [31merror[39m: Error: Invalid email or password.
    at createError (C:\Users\satar\.gemini\antigravity\scratch\clipmind-ai\backend\src\middleware\error.middleware.js:42:17)
    at login (C:\Users\satar\.gemini\antigravity\scratch\clipmind-ai\backend\src\controllers\auth.controller.js:66:26)
[2026-07-13 17:02:17] [31merror[39m: 401 - Invalid email or password. - /api/auth/login - POST
[2026-07-13 17:02:17] [31merror[39m: Error: Invalid email or password.
    at createError (C:\Users\satar\.gemini\antigravity\scratch\clipmind-ai\backend\src\middleware\error.middleware.js:42:17)
    at login (C:\Users\satar\.gemini\antigravity\scratch\clipmind-ai\backend\src\controllers\auth.controller.js:66:26)
[2026-07-13 17:02:18] [31merror[39m: 401 - Invalid email or password. - /api/auth/login - POST
[2026-07-13 17:02:18] [31merror[39m: Error: Invalid email or password.
    at createError (C:\Users\satar\.gemini\antigravity\scratch\clipmind-ai\backend\src\middleware\error.middleware.js:42:17)
    at login (C:\Users\satar\.gemini\antigravity\scratch\clipmind-ai\backend\src\controllers\auth.controller.js:66:26)
[2026-07-13 17:43:15] [31merror[39m: 401 - Token has expired. - /api/analytics/overview - GET
[2026-07-13 17:43:15] [31merror[39m: TokenExpiredError: jwt expired
    at C:\Users\satar\.gemini\antigravity\scratch\clipmind-ai\backend\node_modules\jsonwebtoken\verify.js:190:21
    at getSecret (C:\Users\satar\.gemini\antigravity\scratch\clipmind-ai\backend\node_modules\jsonwebtoken\verify.js:97:14)
    at module.exports [as verify] (C:\Users\satar\.gemini\antigravity\scratch\clipmind-ai\backend\node_modules\jsonwebtoken\verify.js:101:10)
    at authenticate (C:\Users\satar\.gemini\antigravity\scratch\clipmind-ai\backend\src\middleware\auth.middleware.js:15:25)
    at Layer.handle [as handle_request] (C:\Users\satar\.gemini\antigravity\scratch\clipmind-ai\backend\node_modules\express\lib\router\layer.js:95:5)
    at next (C:\Users\satar\.gemini\antigravity\scratch\clipmind-ai\backend\node_modules\express\lib\router\route.js:149:13)
    at Route.dispatch (C:\Users\satar\.gemini\antigravity\scratch\clipmind-ai\backend\node_modules\express\lib\router\route.js:119:3)
    at Layer.handle [as handle_request] (C:\Users\satar\.gemini\antigravity\scratch\clipmind-ai\backend\node_modules\express\lib\router\layer.js:95:5)
    at C:\Users\satar\.gemini\antigravity\scratch\clipmind-ai\backend\node_modules\express\lib\router\index.js:284:15
    at Function.process_params (C:\Users\satar\.gemini\antigravity\scratch\clipmind-ai\backend\node_modules\express\lib\router\index.js:346:12)
[2026-07-13 17:43:15] [31merror[39m: 401 - Token has expired. - /api/analytics/overview - GET
[2026-07-13 17:43:15] [31merror[39m: TokenExpiredError: jwt expired
    at C:\Users\satar\.gemini\antigravity\scratch\clipmind-ai\backend\node_modules\jsonwebtoken\verify.js:190:21
    at getSecret (C:\Users\satar\.gemini\antigravity\scratch\clipmind-ai\backend\node_modules\jsonwebtoken\verify.js:97:14)
    at module.exports [as verify] (C:\Users\satar\.gemini\antigravity\scratch\clipmind-ai\backend\node_modules\jsonwebtoken\verify.js:101:10)
    at authenticate (C:\Users\satar\.gemini\antigravity\scratch\clipmind-ai\backend\src\middleware\auth.middleware.js:15:25)
    at Layer.handle [as handle_request] (C:\Users\satar\.gemini\antigravity\scratch\clipmind-ai\backend\node_modules\express\lib\router\layer.js:95:5)
    at next (C:\Users\satar\.gemini\antigravity\scratch\clipmind-ai\backend\node_modules\express\lib\router\route.js:149:13)
    at Route.dispatch (C:\Users\satar\.gemini\antigravity\scratch\clipmind-ai\backend\node_modules\express\lib\router\route.js:119:3)
    at Layer.handle [as handle_request] (C:\Users\satar\.gemini\antigravity\scratch\clipmind-ai\backend\node_modules\express\lib\router\layer.js:95:5)
    at C:\Users\satar\.gemini\antigravity\scratch\clipmind-ai\backend\node_modules\express\lib\router\index.js:284:15
    at Function.process_params (C:\Users\satar\.gemini\antigravity\scratch\clipmind-ai\backend\node_modules\express\lib\router\index.js:346:12)
[2026-07-13 17:43:19] [31merror[39m: 401 - Token has expired. - /api/analytics/overview - GET
[2026-07-13 17:43:19] [31merror[39m: TokenExpiredError: jwt expired
    at C:\Users\satar\.gemini\antigravity\scratch\clipmind-ai\backend\node_modules\jsonwebtoken\verify.js:190:21
    at getSecret (C:\Users\satar\.gemini\antigravity\scratch\clipmind-ai\backend\node_modules\jsonwebtoken\verify.js:97:14)
    at module.exports [as verify] (C:\Users\satar\.gemini\antigravity\scratch\clipmind-ai\backend\node_modules\jsonwebtoken\verify.js:101:10)
    at authenticate (C:\Users\satar\.gemini\antigravity\scratch\clipmind-ai\backend\src\middleware\auth.middleware.js:15:25)
    at Layer.handle [as handle_request] (C:\Users\satar\.gemini\antigravity\scratch\clipmind-ai\backend\node_modules\express\lib\router\layer.js:95:5)
    at next (C:\Users\satar\.gemini\antigravity\scratch\clipmind-ai\backend\node_modules\express\lib\router\route.js:149:13)
    at Route.dispatch (C:\Users\satar\.gemini\antigravity\scratch\clipmind-ai\backend\node_modules\express\lib\router\route.js:119:3)
    at Layer.handle [as handle_request] (C:\Users\satar\.gemini\antigravity\scratch\clipmind-ai\backend\node_modules\express\lib\router\layer.js:95:5)
    at C:\Users\satar\.gemini\antigravity\scratch\clipmind-ai\backend\node_modules\express\lib\router\index.js:284:15
    at Function.process_params (C:\Users\satar\.gemini\antigravity\scratch\clipmind-ai\backend\node_modules\express\lib\router\index.js:346:12)
[2026-07-13 17:43:19] [31merror[39m: 401 - Token has expired. - /api/analytics/overview - GET
[2026-07-13 17:43:19] [31merror[39m: TokenExpiredError: jwt expired
    at C:\Users\satar\.gemini\antigravity\scratch\clipmind-ai\backend\node_modules\jsonwebtoken\verify.js:190:21
    at getSecret (C:\Users\satar\.gemini\antigravity\scratch\clipmind-ai\backend\node_modules\jsonwebtoken\verify.js:97:14)
    at module.exports [as verify] (C:\Users\satar\.gemini\antigravity\scratch\clipmind-ai\backend\node_modules\jsonwebtoken\verify.js:101:10)
    at authenticate (C:\Users\satar\.gemini\antigravity\scratch\clipmind-ai\backend\src\middleware\auth.middleware.js:15:25)
    at Layer.handle [as handle_request] (C:\Users\satar\.gemini\antigravity\scratch\clipmind-ai\backend\node_modules\express\lib\router\layer.js:95:5)
    at next (C:\Users\satar\.gemini\antigravity\scratch\clipmind-ai\backend\node_modules\express\lib\router\route.js:149:13)
    at Route.dispatch (C:\Users\satar\.gemini\antigravity\scratch\clipmind-ai\backend\node_modules\express\lib\router\route.js:119:3)
    at Layer.handle [as handle_request] (C:\Users\satar\.gemini\antigravity\scratch\clipmind-ai\backend\node_modules\express\lib\router\layer.js:95:5)
    at C:\Users\satar\.gemini\antigravity\scratch\clipmind-ai\backend\node_modules\express\lib\router\index.js:284:15
    at Function.process_params (C:\Users\satar\.gemini\antigravity\scratch\clipmind-ai\backend\node_modules\express\lib\router\index.js:346:12)
[2026-07-22 20:12:26] [31merror[39m: 409 - An account with this email already exists. - /api/auth/register - POST
[2026-07-22 20:12:26] [31merror[39m: Error: An account with this email already exists.
    at createError (C:\Users\satar\.gemini\antigravity\scratch\clipmind-ai\backend\src\middleware\error.middleware.js:42:17)
    at register (C:\Users\satar\.gemini\antigravity\scratch\clipmind-ai\backend\src\controllers\auth.controller.js:35:29)
[2026-07-24 20:31:02] [31merror[39m: 401 - Invalid email or password. - /api/auth/login - POST
[2026-07-24 20:31:02] [31merror[39m: Error: Invalid email or password.
    at createError (C:\Users\satar\.gemini\antigravity\scratch\clipmind-ai\backend\src\middleware\error.middleware.js:42:17)
    at login (C:\Users\satar\.gemini\antigravity\scratch\clipmind-ai\backend\src\controllers\auth.controller.js:70:29)
[2026-08-06 17:44:12] [31merror[39m: 401 - Token has expired. - /api/transcripts/e48e8a7e-6003-4764-9663-584857486673/export?format=txt - GET
[2026-08-06 17:44:12] [31merror[39m: TokenExpiredError: jwt expired
    at C:\Users\satar\.gemini\antigravity\scratch\clipmind-ai\backend\node_modules\jsonwebtoken\verify.js:190:21
    at getSecret (C:\Users\satar\.gemini\antigravity\scratch\clipmind-ai\backend\node_modules\jsonwebtoken\verify.js:97:14)
    at module.exports [as verify] (C:\Users\satar\.gemini\antigravity\scratch\clipmind-ai\backend\node_modules\jsonwebtoken\verify.js:101:10)
    at authenticate (C:\Users\satar\.gemini\antigravity\scratch\clipmind-ai\backend\src\middleware\auth.middleware.js:15:25)
    at Layer.handle [as handle_request] (C:\Users\satar\.gemini\antigravity\scratch\clipmind-ai\backend\node_modules\express\lib\router\layer.js:95:5)
    at next (C:\Users\satar\.gemini\antigravity\scratch\clipmind-ai\backend\node_modules\express\lib\router\route.js:149:13)
    at Route.dispatch (C:\Users\satar\.gemini\antigravity\scratch\clipmind-ai\backend\node_modules\express\lib\router\route.js:119:3)
    at Layer.handle [as handle_request] (C:\Users\satar\.gemini\antigravity\scratch\clipmind-ai\backend\node_modules\express\lib\router\layer.js:95:5)
    at C:\Users\satar\.gemini\antigravity\scratch\clipmind-ai\backend\node_modules\express\lib\router\index.js:284:15
    at param (C:\Users\satar\.gemini\antigravity\scratch\clipmind-ai\backend\node_modules\express\lib\router\index.js:365:14)
[2026-08-06 17:44:17] [31merror[39m: 401 - Token has expired. - /api/transcripts/e48e8a7e-6003-4764-9663-584857486673/export?format=srt - GET
[2026-08-06 17:44:17] [31merror[39m: TokenExpiredError: jwt expired
    at C:\Users\satar\.gemini\antigravity\scratch\clipmind-ai\backend\node_modules\jsonwebtoken\verify.js:190:21
    at getSecret (C:\Users\satar\.gemini\antigravity\scratch\clipmind-ai\backend\node_modules\jsonwebtoken\verify.js:97:14)
    at module.exports [as verify] (C:\Users\satar\.gemini\antigravity\scratch\clipmind-ai\backend\node_modules\jsonwebtoken\verify.js:101:10)
    at authenticate (C:\Users\satar\.gemini\antigravity\scratch\clipmind-ai\backend\src\middleware\auth.middleware.js:15:25)
    at Layer.handle [as handle_request] (C:\Users\satar\.gemini\antigravity\scratch\clipmind-ai\backend\node_modules\express\lib\router\layer.js:95:5)
    at next (C:\Users\satar\.gemini\antigravity\scratch\clipmind-ai\backend\node_modules\express\lib\router\route.js:149:13)
    at Route.dispatch (C:\Users\satar\.gemini\antigravity\scratch\clipmind-ai\backend\node_modules\express\lib\router\route.js:119:3)
    at Layer.handle [as handle_request] (C:\Users\satar\.gemini\antigravity\scratch\clipmind-ai\backend\node_modules\express\lib\router\layer.js:95:5)
    at C:\Users\satar\.gemini\antigravity\scratch\clipmind-ai\backend\node_modules\express\lib\router\index.js:284:15
    at param (C:\Users\satar\.gemini\antigravity\scratch\clipmind-ai\backend\node_modules\express\lib\router\index.js:365:14)
[2026-08-06 17:49:32] [31merror[39m: 401 - Token has expired. - /api/videos/e48e8a7e-6003-4764-9663-584857486673 - GET
[2026-08-06 17:49:32] [31merror[39m: TokenExpiredError: jwt expired
    at C:\Users\satar\.gemini\antigravity\scratch\clipmind-ai\backend\node_modules\jsonwebtoken\verify.js:190:21
    at getSecret (C:\Users\satar\.gemini\antigravity\scratch\clipmind-ai\backend\node_modules\jsonwebtoken\verify.js:97:14)
    at module.exports [as verify] (C:\Users\satar\.gemini\antigravity\scratch\clipmind-ai\backend\node_modules\jsonwebtoken\verify.js:101:10)
    at authenticate (C:\Users\satar\.gemini\antigravity\scratch\clipmind-ai\backend\src\middleware\auth.middleware.js:15:25)
    at Layer.handle [as handle_request] (C:\Users\satar\.gemini\antigravity\scratch\clipmind-ai\backend\node_modules\express\lib\router\layer.js:95:5)
    at next (C:\Users\satar\.gemini\antigravity\scratch\clipmind-ai\backend\node_modules\express\lib\router\route.js:149:13)
    at Route.dispatch (C:\Users\satar\.gemini\antigravity\scratch\clipmind-ai\backend\node_modules\express\lib\router\route.js:119:3)
    at Layer.handle [as handle_request] (C:\Users\satar\.gemini\antigravity\scratch\clipmind-ai\backend\node_modules\express\lib\router\layer.js:95:5)
    at C:\Users\satar\.gemini\antigravity\scratch\clipmind-ai\backend\node_modules\express\lib\router\index.js:284:15
    at param (C:\Users\satar\.gemini\antigravity\scratch\clipmind-ai\backend\node_modules\express\lib\router\index.js:365:14)
[2026-08-06 17:49:33] [31merror[39m: 401 - Token has expired. - /api/videos/e48e8a7e-6003-4764-9663-584857486673 - GET
[2026-08-06 17:49:33] [31merror[39m: TokenExpiredError: jwt expired
    at C:\Users\satar\.gemini\antigravity\scratch\clipmind-ai\backend\node_modules\jsonwebtoken\verify.js:190:21
    at getSecret (C:\Users\satar\.gemini\antigravity\scratch\clipmind-ai\backend\node_modules\jsonwebtoken\verify.js:97:14)
    at module.exports [as verify] (C:\Users\satar\.gemini\antigravity\scratch\clipmind-ai\backend\node_modules\jsonwebtoken\verify.js:101:10)
    at authenticate (C:\Users\satar\.gemini\antigravity\scratch\clipmind-ai\backend\src\middleware\auth.middleware.js:15:25)
    at Layer.handle [as handle_request] (C:\Users\satar\.gemini\antigravity\scratch\clipmind-ai\backend\node_modules\express\lib\router\layer.js:95:5)
    at next (C:\Users\satar\.gemini\antigravity\scratch\clipmind-ai\backend\node_modules\express\lib\router\route.js:149:13)
    at Route.dispatch (C:\Users\satar\.gemini\antigravity\scratch\clipmind-ai\backend\node_modules\express\lib\router\route.js:119:3)
    at Layer.handle [as handle_request] (C:\Users\satar\.gemini\antigravity\scratch\clipmind-ai\backend\node_modules\express\lib\router\layer.js:95:5)
    at C:\Users\satar\.gemini\antigravity\scratch\clipmind-ai\backend\node_modules\express\lib\router\index.js:284:15
    at param (C:\Users\satar\.gemini\antigravity\scratch\clipmind-ai\backend\node_modules\express\lib\router\index.js:365:14)
[2026-08-06 17:49:33] [31merror[39m: 401 - Token has expired. - /api/videos/e48e8a7e-6003-4764-9663-584857486673 - GET
[2026-08-06 17:49:33] [31merror[39m: TokenExpiredError: jwt expired
    at C:\Users\satar\.gemini\antigravity\scratch\clipmind-ai\backend\node_modules\jsonwebtoken\verify.js:190:21
    at getSecret (C:\Users\satar\.gemini\antigravity\scratch\clipmind-ai\backend\node_modules\jsonwebtoken\verify.js:97:14)
    at module.exports [as verify] (C:\Users\satar\.gemini\antigravity\scratch\clipmind-ai\backend\node_modules\jsonwebtoken\verify.js:101:10)
    at authenticate (C:\Users\satar\.gemini\antigravity\scratch\clipmind-ai\backend\src\middleware\auth.middleware.js:15:25)
    at Layer.handle [as handle_request] (C:\Users\satar\.gemini\antigravity\scratch\clipmind-ai\backend\node_modules\express\lib\router\layer.js:95:5)
    at next (C:\Users\satar\.gemini\antigravity\scratch\clipmind-ai\backend\node_modules\express\lib\router\route.js:149:13)
    at Route.dispatch (C:\Users\satar\.gemini\antigravity\scratch\clipmind-ai\backend\node_modules\express\lib\router\route.js:119:3)
    at Layer.handle [as handle_request] (C:\Users\satar\.gemini\antigravity\scratch\clipmind-ai\backend\node_modules\express\lib\router\layer.js:95:5)
    at C:\Users\satar\.gemini\antigravity\scratch\clipmind-ai\backend\node_modules\express\lib\router\index.js:284:15
    at param (C:\Users\satar\.gemini\antigravity\scratch\clipmind-ai\backend\node_modules\express\lib\router\index.js:365:14)
[2026-08-06 17:49:33] [31merror[39m: 401 - Token has expired. - /api/videos/e48e8a7e-6003-4764-9663-584857486673 - GET
[2026-08-06 17:49:33] [31merror[39m: TokenExpiredError: jwt expired
    at C:\Users\satar\.gemini\antigravity\scratch\clipmind-ai\backend\node_modules\jsonwebtoken\verify.js:190:21
    at getSecret (C:\Users\satar\.gemini\antigravity\scratch\clipmind-ai\backend\node_modules\jsonwebtoken\verify.js:97:14)
    at module.exports [as verify] (C:\Users\satar\.gemini\antigravity\scratch\clipmind-ai\backend\node_modules\jsonwebtoken\verify.js:101:10)
    at authenticate (C:\Users\satar\.gemini\antigravity\scratch\clipmind-ai\backend\src\middleware\auth.middleware.js:15:25)
    at Layer.handle [as handle_request] (C:\Users\satar\.gemini\antigravity\scratch\clipmind-ai\backend\node_modules\express\lib\router\layer.js:95:5)
    at next (C:\Users\satar\.gemini\antigravity\scratch\clipmind-ai\backend\node_modules\express\lib\router\route.js:149:13)
    at Route.dispatch (C:\Users\satar\.gemini\antigravity\scratch\clipmind-ai\backend\node_modules\express\lib\router\route.js:119:3)
    at Layer.handle [as handle_request] (C:\Users\satar\.gemini\antigravity\scratch\clipmind-ai\backend\node_modules\express\lib\router\layer.js:95:5)
    at C:\Users\satar\.gemini\antigravity\scratch\clipmind-ai\backend\node_modules\express\lib\router\index.js:284:15
    at param (C:\Users\satar\.gemini\antigravity\scratch\clipmind-ai\backend\node_modules\express\lib\router\index.js:365:14)
[2026-08-06 17:49:33] [31merror[39m: 401 - Token has expired. - /api/analytics/overview - GET
[2026-08-06 17:49:33] [31merror[39m: TokenExpiredError: jwt expired
    at C:\Users\satar\.gemini\antigravity\scratch\clipmind-ai\backend\node_modules\jsonwebtoken\verify.js:190:21
    at getSecret (C:\Users\satar\.gemini\antigravity\scratch\clipmind-ai\backend\node_modules\jsonwebtoken\verify.js:97:14)
    at module.exports [as verify] (C:\Users\satar\.gemini\antigravity\scratch\clipmind-ai\backend\node_modules\jsonwebtoken\verify.js:101:10)
    at authenticate (C:\Users\satar\.gemini\antigravity\scratch\clipmind-ai\backend\src\middleware\auth.middleware.js:15:25)
    at Layer.handle [as handle_request] (C:\Users\satar\.gemini\antigravity\scratch\clipmind-ai\backend\node_modules\express\lib\router\layer.js:95:5)
    at next (C:\Users\satar\.gemini\antigravity\scratch\clipmind-ai\backend\node_modules\express\lib\router\route.js:149:13)
    at Route.dispatch (C:\Users\satar\.gemini\antigravity\scratch\clipmind-ai\backend\node_modules\express\lib\router\route.js:119:3)
    at Layer.handle [as handle_request] (C:\Users\satar\.gemini\antigravity\scratch\clipmind-ai\backend\node_modules\express\lib\router\layer.js:95:5)
    at C:\Users\satar\.gemini\antigravity\scratch\clipmind-ai\backend\node_modules\express\lib\router\index.js:284:15
    at Function.process_params (C:\Users\satar\.gemini\antigravity\scratch\clipmind-ai\backend\node_modules\express\lib\router\index.js:346:12)
[2026-08-06 17:49:33] [31merror[39m: 401 - Token has expired. - /api/analytics/overview - GET
[2026-08-06 17:49:33] [31merror[39m: TokenExpiredError: jwt expired
    at C:\Users\satar\.gemini\antigravity\scratch\clipmind-ai\backend\node_modules\jsonwebtoken\verify.js:190:21
    at getSecret (C:\Users\satar\.gemini\antigravity\scratch\clipmind-ai\backend\node_modules\jsonwebtoken\verify.js:97:14)
    at module.exports [as verify] (C:\Users\satar\.gemini\antigravity\scratch\clipmind-ai\backend\node_modules\jsonwebtoken\verify.js:101:10)
    at authenticate (C:\Users\satar\.gemini\antigravity\scratch\clipmind-ai\backend\src\middleware\auth.middleware.js:15:25)
    at Layer.handle [as handle_request] (C:\Users\satar\.gemini\antigravity\scratch\clipmind-ai\backend\node_modules\express\lib\router\layer.js:95:5)
    at next (C:\Users\satar\.gemini\antigravity\scratch\clipmind-ai\backend\node_modules\express\lib\router\route.js:149:13)
    at Route.dispatch (C:\Users\satar\.gemini\antigravity\scratch\clipmind-ai\backend\node_modules\express\lib\router\route.js:119:3)
    at Layer.handle [as handle_request] (C:\Users\satar\.gemini\antigravity\scratch\clipmind-ai\backend\node_modules\express\lib\router\layer.js:95:5)
    at C:\Users\satar\.gemini\antigravity\scratch\clipmind-ai\backend\node_modules\express\lib\router\index.js:284:15
    at Function.process_params (C:\Users\satar\.gemini\antigravity\scratch\clipmind-ai\backend\node_modules\express\lib\router\index.js:346:12)
[2026-08-06 17:49:33] [31merror[39m: 401 - Token has expired. - /api/analytics/overview - GET
[2026-08-06 17:49:33] [31merror[39m: TokenExpiredError: jwt expired
    at C:\Users\satar\.gemini\antigravity\scratch\clipmind-ai\backend\node_modules\jsonwebtoken\verify.js:190:21
    at getSecret (C:\Users\satar\.gemini\antigravity\scratch\clipmind-ai\backend\node_modules\jsonwebtoken\verify.js:97:14)
    at module.exports [as verify] (C:\Users\satar\.gemini\antigravity\scratch\clipmind-ai\backend\node_modules\jsonwebtoken\verify.js:101:10)
    at authenticate (C:\Users\satar\.gemini\antigravity\scratch\clipmind-ai\backend\src\middleware\auth.middleware.js:15:25)
    at Layer.handle [as handle_request] (C:\Users\satar\.gemini\antigravity\scratch\clipmind-ai\backend\node_modules\express\lib\router\layer.js:95:5)
    at next (C:\Users\satar\.gemini\antigravity\scratch\clipmind-ai\backend\node_modules\express\lib\router\route.js:149:13)
    at Route.dispatch (C:\Users\satar\.gemini\antigravity\scratch\clipmind-ai\backend\node_modules\express\lib\router\route.js:119:3)
    at Layer.handle [as handle_request] (C:\Users\satar\.gemini\antigravity\scratch\clipmind-ai\backend\node_modules\express\lib\router\layer.js:95:5)
    at C:\Users\satar\.gemini\antigravity\scratch\clipmind-ai\backend\node_modules\express\lib\router\index.js:284:15
    at Function.process_params (C:\Users\satar\.gemini\antigravity\scratch\clipmind-ai\backend\node_modules\express\lib\router\index.js:346:12)
[2026-08-06 17:49:33] [31merror[39m: 401 - Token has expired. - /api/analytics/content-insights - GET
[2026-08-06 17:49:33] [31merror[39m: TokenExpiredError: jwt expired
    at C:\Users\satar\.gemini\antigravity\scratch\clipmind-ai\backend\node_modules\jsonwebtoken\verify.js:190:21
    at getSecret (C:\Users\satar\.gemini\antigravity\scratch\clipmind-ai\backend\node_modules\jsonwebtoken\verify.js:97:14)
    at module.exports [as verify] (C:\Users\satar\.gemini\antigravity\scratch\clipmind-ai\backend\node_modules\jsonwebtoken\verify.js:101:10)
    at authenticate (C:\Users\satar\.gemini\antigravity\scratch\clipmind-ai\backend\src\middleware\auth.middleware.js:15:25)
    at Layer.handle [as handle_request] (C:\Users\satar\.gemini\antigravity\scratch\clipmind-ai\backend\node_modules\express\lib\router\layer.js:95:5)
    at next (C:\Users\satar\.gemini\antigravity\scratch\clipmind-ai\backend\node_modules\express\lib\router\route.js:149:13)
    at Route.dispatch (C:\Users\satar\.gemini\antigravity\scratch\clipmind-ai\backend\node_modules\express\lib\router\route.js:119:3)
    at Layer.handle [as handle_request] (C:\Users\satar\.gemini\antigravity\scratch\clipmind-ai\backend\node_modules\express\lib\router\layer.js:95:5)
    at C:\Users\satar\.gemini\antigravity\scratch\clipmind-ai\backend\node_modules\express\lib\router\index.js:284:15
    at Function.process_params (C:\Users\satar\.gemini\antigravity\scratch\clipmind-ai\backend\node_modules\express\lib\router\index.js:346:12)
[2026-08-06 17:49:33] [31merror[39m: 401 - Token has expired. - /api/analytics/videos - GET
[2026-08-06 17:49:33] [31merror[39m: TokenExpiredError: jwt expired
    at C:\Users\satar\.gemini\antigravity\scratch\clipmind-ai\backend\node_modules\jsonwebtoken\verify.js:190:21
    at getSecret (C:\Users\satar\.gemini\antigravity\scratch\clipmind-ai\backend\node_modules\jsonwebtoken\verify.js:97:14)
    at module.exports [as verify] (C:\Users\satar\.gemini\antigravity\scratch\clipmind-ai\backend\node_modules\jsonwebtoken\verify.js:101:10)
    at authenticate (C:\Users\satar\.gemini\antigravity\scratch\clipmind-ai\backend\src\middleware\auth.middleware.js:15:25)
    at Layer.handle [as handle_request] (C:\Users\satar\.gemini\antigravity\scratch\clipmind-ai\backend\node_modules\express\lib\router\layer.js:95:5)
    at next (C:\Users\satar\.gemini\antigravity\scratch\clipmind-ai\backend\node_modules\express\lib\router\route.js:149:13)
    at Route.dispatch (C:\Users\satar\.gemini\antigravity\scratch\clipmind-ai\backend\node_modules\express\lib\router\route.js:119:3)
    at Layer.handle [as handle_request] (C:\Users\satar\.gemini\antigravity\scratch\clipmind-ai\backend\node_modules\express\lib\router\layer.js:95:5)
    at C:\Users\satar\.gemini\antigravity\scratch\clipmind-ai\backend\node_modules\express\lib\router\index.js:284:15
    at Function.process_params (C:\Users\satar\.gemini\antigravity\scratch\clipmind-ai\backend\node_modules\express\lib\router\index.js:346:12)
[2026-08-06 17:49:33] [31merror[39m: 401 - Token has expired. - /api/analytics/overview - GET
[2026-08-06 17:49:33] [31merror[39m: TokenExpiredError: jwt expired
    at C:\Users\satar\.gemini\antigravity\scratch\clipmind-ai\backend\node_modules\jsonwebtoken\verify.js:190:21
    at getSecret (C:\Users\satar\.gemini\antigravity\scratch\clipmind-ai\backend\node_modules\jsonwebtoken\verify.js:97:14)
    at module.exports [as verify] (C:\Users\satar\.gemini\antigravity\scratch\clipmind-ai\backend\node_modules\jsonwebtoken\verify.js:101:10)
    at authenticate (C:\Users\satar\.gemini\antigravity\scratch\clipmind-ai\backend\src\middleware\auth.middleware.js:15:25)
    at Layer.handle [as handle_request] (C:\Users\satar\.gemini\antigravity\scratch\clipmind-ai\backend\node_modules\express\lib\router\layer.js:95:5)
    at next (C:\Users\satar\.gemini\antigravity\scratch\clipmind-ai\backend\node_modules\express\lib\router\route.js:149:13)
    at Route.dispatch (C:\Users\satar\.gemini\antigravity\scratch\clipmind-ai\backend\node_modules\express\lib\router\route.js:119:3)
    at Layer.handle [as handle_request] (C:\Users\satar\.gemini\antigravity\scratch\clipmind-ai\backend\node_modules\express\lib\router\layer.js:95:5)
    at C:\Users\satar\.gemini\antigravity\scratch\clipmind-ai\backend\node_modules\express\lib\router\index.js:284:15
    at Function.process_params (C:\Users\satar\.gemini\antigravity\scratch\clipmind-ai\backend\node_modules\express\lib\router\index.js:346:12)
[2026-08-06 17:49:33] [31merror[39m: 401 - Token has expired. - /api/analytics/content-insights - GET
[2026-08-06 17:49:33] [31merror[39m: TokenExpiredError: jwt expired
    at C:\Users\satar\.gemini\antigravity\scratch\clipmind-ai\backend\node_modules\jsonwebtoken\verify.js:190:21
    at getSecret (C:\Users\satar\.gemini\antigravity\scratch\clipmind-ai\backend\node_modules\jsonwebtoken\verify.js:97:14)
    at module.exports [as verify] (C:\Users\satar\.gemini\antigravity\scratch\clipmind-ai\backend\node_modules\jsonwebtoken\verify.js:101:10)
    at authenticate (C:\Users\satar\.gemini\antigravity\scratch\clipmind-ai\backend\src\middleware\auth.middleware.js:15:25)
    at Layer.handle [as handle_request] (C:\Users\satar\.gemini\antigravity\scratch\clipmind-ai\backend\node_modules\express\lib\router\layer.js:95:5)
    at next (C:\Users\satar\.gemini\antigravity\scratch\clipmind-ai\backend\node_modules\express\lib\router\route.js:149:13)
    at Route.dispatch (C:\Users\satar\.gemini\antigravity\scratch\clipmind-ai\backend\node_modules\express\lib\router\route.js:119:3)
    at Layer.handle [as handle_request] (C:\Users\satar\.gemini\antigravity\scratch\clipmind-ai\backend\node_modules\express\lib\router\layer.js:95:5)
    at C:\Users\satar\.gemini\antigravity\scratch\clipmind-ai\backend\node_modules\express\lib\router\index.js:284:15
    at Function.process_params (C:\Users\satar\.gemini\antigravity\scratch\clipmind-ai\backend\node_modules\express\lib\router\index.js:346:12)
[2026-08-06 17:49:33] [31merror[39m: 401 - Token has expired. - /api/analytics/overview - GET
[2026-08-06 17:49:33] [31merror[39m: TokenExpiredError: jwt expired
    at C:\Users\satar\.gemini\antigravity\scratch\clipmind-ai\backend\node_modules\jsonwebtoken\verify.js:190:21
    at getSecret (C:\Users\satar\.gemini\antigravity\scratch\clipmind-ai\backend\node_modules\jsonwebtoken\verify.js:97:14)
    at module.exports [as verify] (C:\Users\satar\.gemini\antigravity\scratch\clipmind-ai\backend\node_modules\jsonwebtoken\verify.js:101:10)
    at authenticate (C:\Users\satar\.gemini\antigravity\scratch\clipmind-ai\backend\src\middleware\auth.middleware.js:15:25)
    at Layer.handle [as handle_request] (C:\Users\satar\.gemini\antigravity\scratch\clipmind-ai\backend\node_modules\express\lib\router\layer.js:95:5)
    at next (C:\Users\satar\.gemini\antigravity\scratch\clipmind-ai\backend\node_modules\express\lib\router\route.js:149:13)
    at Route.dispatch (C:\Users\satar\.gemini\antigravity\scratch\clipmind-ai\backend\node_modules\express\lib\router\route.js:119:3)
    at Layer.handle [as handle_request] (C:\Users\satar\.gemini\antigravity\scratch\clipmind-ai\backend\node_modules\express\lib\router\layer.js:95:5)
    at C:\Users\satar\.gemini\antigravity\scratch\clipmind-ai\backend\node_modules\express\lib\router\index.js:284:15
    at Function.process_params (C:\Users\satar\.gemini\antigravity\scratch\clipmind-ai\backend\node_modules\express\lib\router\index.js:346:12)
[2026-08-06 17:49:33] [31merror[39m: 401 - Token has expired. - /api/analytics/content-insights - GET
[2026-08-06 17:49:33] [31merror[39m: TokenExpiredError: jwt expired
    at C:\Users\satar\.gemini\antigravity\scratch\clipmind-ai\backend\node_modules\jsonwebtoken\verify.js:190:21
    at getSecret (C:\Users\satar\.gemini\antigravity\scratch\clipmind-ai\backend\node_modules\jsonwebtoken\verify.js:97:14)
    at module.exports [as verify] (C:\Users\satar\.gemini\antigravity\scratch\clipmind-ai\backend\node_modules\jsonwebtoken\verify.js:101:10)
    at authenticate (C:\Users\satar\.gemini\antigravity\scratch\clipmind-ai\backend\src\middleware\auth.middleware.js:15:25)
    at Layer.handle [as handle_request] (C:\Users\satar\.gemini\antigravity\scratch\clipmind-ai\backend\node_modules\express\lib\router\layer.js:95:5)
    at next (C:\Users\satar\.gemini\antigravity\scratch\clipmind-ai\backend\node_modules\express\lib\router\route.js:149:13)
    at Route.dispatch (C:\Users\satar\.gemini\antigravity\scratch\clipmind-ai\backend\node_modules\express\lib\router\route.js:119:3)
    at Layer.handle [as handle_request] (C:\Users\satar\.gemini\antigravity\scratch\clipmind-ai\backend\node_modules\express\lib\router\layer.js:95:5)
    at C:\Users\satar\.gemini\antigravity\scratch\clipmind-ai\backend\node_modules\express\lib\router\index.js:284:15
    at Function.process_params (C:\Users\satar\.gemini\antigravity\scratch\clipmind-ai\backend\node_modules\express\lib\router\index.js:346:12)
[2026-08-06 17:49:33] [31merror[39m: 401 - Token has expired. - /api/analytics/videos - GET
[2026-08-06 17:49:33] [31merror[39m: TokenExpiredError: jwt expired
    at C:\Users\satar\.gemini\antigravity\scratch\clipmind-ai\backend\node_modules\jsonwebtoken\verify.js:190:21
    at getSecret (C:\Users\satar\.gemini\antigravity\scratch\clipmind-ai\backend\node_modules\jsonwebtoken\verify.js:97:14)
    at module.exports [as verify] (C:\Users\satar\.gemini\antigravity\scratch\clipmind-ai\backend\node_modules\jsonwebtoken\verify.js:101:10)
    at authenticate (C:\Users\satar\.gemini\antigravity\scratch\clipmind-ai\backend\src\middleware\auth.middleware.js:15:25)
    at Layer.handle [as handle_request] (C:\Users\satar\.gemini\antigravity\scratch\clipmind-ai\backend\node_modules\express\lib\router\layer.js:95:5)
    at next (C:\Users\satar\.gemini\antigravity\scratch\clipmind-ai\backend\node_modules\express\lib\router\route.js:149:13)
    at Route.dispatch (C:\Users\satar\.gemini\antigravity\scratch\clipmind-ai\backend\node_modules\express\lib\router\route.js:119:3)
    at Layer.handle [as handle_request] (C:\Users\satar\.gemini\antigravity\scratch\clipmind-ai\backend\node_modules\express\lib\router\layer.js:95:5)
    at C:\Users\satar\.gemini\antigravity\scratch\clipmind-ai\backend\node_modules\express\lib\router\index.js:284:15
    at Function.process_params (C:\Users\satar\.gemini\antigravity\scratch\clipmind-ai\backend\node_modules\express\lib\router\index.js:346:12)
[2026-08-06 17:49:33] [31merror[39m: 401 - Token has expired. - /api/analytics/overview - GET
[2026-08-06 17:49:33] [31merror[39m: TokenExpiredError: jwt expired
    at C:\Users\satar\.gemini\antigravity\scratch\clipmind-ai\backend\node_modules\jsonwebtoken\verify.js:190:21
    at getSecret (C:\Users\satar\.gemini\antigravity\scratch\clipmind-ai\backend\node_modules\jsonwebtoken\verify.js:97:14)
    at module.exports [as verify] (C:\Users\satar\.gemini\antigravity\scratch\clipmind-ai\backend\node_modules\jsonwebtoken\verify.js:101:10)
    at authenticate (C:\Users\satar\.gemini\antigravity\scratch\clipmind-ai\backend\src\middleware\auth.middleware.js:15:25)
    at Layer.handle [as handle_request] (C:\Users\satar\.gemini\antigravity\scratch\clipmind-ai\backend\node_modules\express\lib\router\layer.js:95:5)
    at next (C:\Users\satar\.gemini\antigravity\scratch\clipmind-ai\backend\node_modules\express\lib\router\route.js:149:13)
    at Route.dispatch (C:\Users\satar\.gemini\antigravity\scratch\clipmind-ai\backend\node_modules\express\lib\router\route.js:119:3)
    at Layer.handle [as handle_request] (C:\Users\satar\.gemini\antigravity\scratch\clipmind-ai\backend\node_modules\express\lib\router\layer.js:95:5)
    at C:\Users\satar\.gemini\antigravity\scratch\clipmind-ai\backend\node_modules\express\lib\router\index.js:284:15
    at Function.process_params (C:\Users\satar\.gemini\antigravity\scratch\clipmind-ai\backend\node_modules\express\lib\router\index.js:346:12)
[2026-08-06 17:49:33] [31merror[39m: 401 - Token has expired. - /api/analytics/content-insights - GET
[2026-08-06 17:49:33] [31merror[39m: TokenExpiredError: jwt expired
    at C:\Users\satar\.gemini\antigravity\scratch\clipmind-ai\backend\node_modules\jsonwebtoken\verify.js:190:21
    at getSecret (C:\Users\satar\.gemini\antigravity\scratch\clipmind-ai\backend\node_modules\jsonwebtoken\verify.js:97:14)
    at module.exports [as verify] (C:\Users\satar\.gemini\antigravity\scratch\clipmind-ai\backend\node_modules\jsonwebtoken\verify.js:101:10)
    at authenticate (C:\Users\satar\.gemini\antigravity\scratch\clipmind-ai\backend\src\middleware\auth.middleware.js:15:25)
    at Layer.handle [as handle_request] (C:\Users\satar\.gemini\antigravity\scratch\clipmind-ai\backend\node_modules\express\lib\router\layer.js:95:5)
    at next (C:\Users\satar\.gemini\antigravity\scratch\clipmind-ai\backend\node_modules\express\lib\router\route.js:149:13)
    at Route.dispatch (C:\Users\satar\.gemini\antigravity\scratch\clipmind-ai\backend\node_modules\express\lib\router\route.js:119:3)
    at Layer.handle [as handle_request] (C:\Users\satar\.gemini\antigravity\scratch\clipmind-ai\backend\node_modules\express\lib\router\layer.js:95:5)
    at C:\Users\satar\.gemini\antigravity\scratch\clipmind-ai\backend\node_modules\express\lib\router\index.js:284:15
    at Function.process_params (C:\Users\satar\.gemini\antigravity\scratch\clipmind-ai\backend\node_modules\express\lib\router\index.js:346:12)
[2026-08-06 17:49:33] [31merror[39m: 401 - Token has expired. - /api/analytics/videos - GET
[2026-08-06 17:49:33] [31merror[39m: TokenExpiredError: jwt expired
    at C:\Users\satar\.gemini\antigravity\scratch\clipmind-ai\backend\node_modules\jsonwebtoken\verify.js:190:21
    at getSecret (C:\Users\satar\.gemini\antigravity\scratch\clipmind-ai\backend\node_modules\jsonwebtoken\verify.js:97:14)
    at module.exports [as verify] (C:\Users\satar\.gemini\antigravity\scratch\clipmind-ai\backend\node_modules\jsonwebtoken\verify.js:101:10)
    at authenticate (C:\Users\satar\.gemini\antigravity\scratch\clipmind-ai\backend\src\middleware\auth.middleware.js:15:25)
    at Layer.handle [as handle_request] (C:\Users\satar\.gemini\antigravity\scratch\clipmind-ai\backend\node_modules\express\lib\router\layer.js:95:5)
    at next (C:\Users\satar\.gemini\antigravity\scratch\clipmind-ai\backend\node_modules\express\lib\router\route.js:149:13)
    at Route.dispatch (C:\Users\satar\.gemini\antigravity\scratch\clipmind-ai\backend\node_modules\express\lib\router\route.js:119:3)
    at Layer.handle [as handle_request] (C:\Users\satar\.gemini\antigravity\scratch\clipmind-ai\backend\node_modules\express\lib\router\layer.js:95:5)
    at C:\Users\satar\.gemini\antigravity\scratch\clipmind-ai\backend\node_modules\express\lib\router\index.js:284:15
    at Function.process_params (C:\Users\satar\.gemini\antigravity\scratch\clipmind-ai\backend\node_modules\express\lib\router\index.js:346:12)
[2026-08-06 17:49:33] [31merror[39m: 401 - Token has expired. - /api/analytics/videos - GET
[2026-08-06 17:49:33] [31merror[39m: TokenExpiredError: jwt expired
    at C:\Users\satar\.gemini\antigravity\scratch\clipmind-ai\backend\node_modules\jsonwebtoken\verify.js:190:21
    at getSecret (C:\Users\satar\.gemini\antigravity\scratch\clipmind-ai\backend\node_modules\jsonwebtoken\verify.js:97:14)
    at module.exports [as verify] (C:\Users\satar\.gemini\antigravity\scratch\clipmind-ai\backend\node_modules\jsonwebtoken\verify.js:101:10)
    at authenticate (C:\Users\satar\.gemini\antigravity\scratch\clipmind-ai\backend\src\middleware\auth.middleware.js:15:25)
    at Layer.handle [as handle_request] (C:\Users\satar\.gemini\antigravity\scratch\clipmind-ai\backend\node_modules\express\lib\router\layer.js:95:5)
    at next (C:\Users\satar\.gemini\antigravity\scratch\clipmind-ai\backend\node_modules\express\lib\router\route.js:149:13)
    at Route.dispatch (C:\Users\satar\.gemini\antigravity\scratch\clipmind-ai\backend\node_modules\express\lib\router\route.js:119:3)
    at Layer.handle [as handle_request] (C:\Users\satar\.gemini\antigravity\scratch\clipmind-ai\backend\node_modules\express\lib\router\layer.js:95:5)
    at C:\Users\satar\.gemini\antigravity\scratch\clipmind-ai\backend\node_modules\express\lib\router\index.js:284:15
    at Function.process_params (C:\Users\satar\.gemini\antigravity\scratch\clipmind-ai\backend\node_modules\express\lib\router\index.js:346:12)
[2026-08-06 17:49:33] [31merror[39m: 401 - Token has expired. - /api/analytics/overview - GET
[2026-08-06 17:49:33] [31merror[39m: TokenExpiredError: jwt expired
    at C:\Users\satar\.gemini\antigravity\scratch\clipmind-ai\backend\node_modules\jsonwebtoken\verify.js:190:21
    at getSecret (C:\Users\satar\.gemini\antigravity\scratch\clipmind-ai\backend\node_modules\jsonwebtoken\verify.js:97:14)
    at module.exports [as verify] (C:\Users\satar\.gemini\antigravity\scratch\clipmind-ai\backend\node_modules\jsonwebtoken\verify.js:101:10)
    at authenticate (C:\Users\satar\.gemini\antigravity\scratch\clipmind-ai\backend\src\middleware\auth.middleware.js:15:25)
    at Layer.handle [as handle_request] (C:\Users\satar\.gemini\antigravity\scratch\clipmind-ai\backend\node_modules\express\lib\router\layer.js:95:5)
    at next (C:\Users\satar\.gemini\antigravity\scratch\clipmind-ai\backend\node_modules\express\lib\router\route.js:149:13)
    at Route.dispatch (C:\Users\satar\.gemini\antigravity\scratch\clipmind-ai\backend\node_modules\express\lib\router\route.js:119:3)
    at Layer.handle [as handle_request] (C:\Users\satar\.gemini\antigravity\scratch\clipmind-ai\backend\node_modules\express\lib\router\layer.js:95:5)
    at C:\Users\satar\.gemini\antigravity\scratch\clipmind-ai\backend\node_modules\express\lib\router\index.js:284:15
    at Function.process_params (C:\Users\satar\.gemini\antigravity\scratch\clipmind-ai\backend\node_modules\express\lib\router\index.js:346:12)
[2026-08-06 17:49:33] [31merror[39m: 401 - Token has expired. - /api/analytics/overview - GET
[2026-08-06 17:49:33] [31merror[39m: TokenExpiredError: jwt expired
    at C:\Users\satar\.gemini\antigravity\scratch\clipmind-ai\backend\node_modules\jsonwebtoken\verify.js:190:21
    at getSecret (C:\Users\satar\.gemini\antigravity\scratch\clipmind-ai\backend\node_modules\jsonwebtoken\verify.js:97:14)
    at module.exports [as verify] (C:\Users\satar\.gemini\antigravity\scratch\clipmind-ai\backend\node_modules\jsonwebtoken\verify.js:101:10)
    at authenticate (C:\Users\satar\.gemini\antigravity\scratch\clipmind-ai\backend\src\middleware\auth.middleware.js:15:25)
    at Layer.handle [as handle_request] (C:\Users\satar\.gemini\antigravity\scratch\clipmind-ai\backend\node_modules\express\lib\router\layer.js:95:5)
    at next (C:\Users\satar\.gemini\antigravity\scratch\clipmind-ai\backend\node_modules\express\lib\router\route.js:149:13)
    at Route.dispatch (C:\Users\satar\.gemini\antigravity\scratch\clipmind-ai\backend\node_modules\express\lib\router\route.js:119:3)
    at Layer.handle [as handle_request] (C:\Users\satar\.gemini\antigravity\scratch\clipmind-ai\backend\node_modules\express\lib\router\layer.js:95:5)
    at C:\Users\satar\.gemini\antigravity\scratch\clipmind-ai\backend\node_modules\express\lib\router\index.js:284:15
    at Function.process_params (C:\Users\satar\.gemini\antigravity\scratch\clipmind-ai\backend\node_modules\express\lib\router\index.js:346:12)
[2026-08-06 17:49:33] [31merror[39m: 401 - Token has expired. - /api/analytics/overview - GET
[2026-08-06 17:49:33] [31merror[39m: TokenExpiredError: jwt expired
    at C:\Users\satar\.gemini\antigravity\scratch\clipmind-ai\backend\node_modules\jsonwebtoken\verify.js:190:21
    at getSecret (C:\Users\satar\.gemini\antigravity\scratch\clipmind-ai\backend\node_modules\jsonwebtoken\verify.js:97:14)
    at module.exports [as verify] (C:\Users\satar\.gemini\antigravity\scratch\clipmind-ai\backend\node_modules\jsonwebtoken\verify.js:101:10)
    at authenticate (C:\Users\satar\.gemini\antigravity\scratch\clipmind-ai\backend\src\middleware\auth.middleware.js:15:25)
    at Layer.handle [as handle_request] (C:\Users\satar\.gemini\antigravity\scratch\clipmind-ai\backend\node_modules\express\lib\router\layer.js:95:5)
    at next (C:\Users\satar\.gemini\antigravity\scratch\clipmind-ai\backend\node_modules\express\lib\router\route.js:149:13)
    at Route.dispatch (C:\Users\satar\.gemini\antigravity\scratch\clipmind-ai\backend\node_modules\express\lib\router\route.js:119:3)
    at Layer.handle [as handle_request] (C:\Users\satar\.gemini\antigravity\scratch\clipmind-ai\backend\node_modules\express\lib\router\layer.js:95:5)
    at C:\Users\satar\.gemini\antigravity\scratch\clipmind-ai\backend\node_modules\express\lib\router\index.js:284:15
    at Function.process_params (C:\Users\satar\.gemini\antigravity\scratch\clipmind-ai\backend\node_modules\express\lib\router\index.js:346:12)
[2026-08-06 17:49:33] [31merror[39m: 401 - Token has expired. - /api/analytics/content-insights - GET
[2026-08-06 17:49:33] [31merror[39m: TokenExpiredError: jwt expired
    at C:\Users\satar\.gemini\antigravity\scratch\clipmind-ai\backend\node_modules\jsonwebtoken\verify.js:190:21
    at getSecret (C:\Users\satar\.gemini\antigravity\scratch\clipmind-ai\backend\node_modules\jsonwebtoken\verify.js:97:14)
    at module.exports [as verify] (C:\Users\satar\.gemini\antigravity\scratch\clipmind-ai\backend\node_modules\jsonwebtoken\verify.js:101:10)
    at authenticate (C:\Users\satar\.gemini\antigravity\scratch\clipmind-ai\backend\src\middleware\auth.middleware.js:15:25)
    at Layer.handle [as handle_request] (C:\Users\satar\.gemini\antigravity\scratch\clipmind-ai\backend\node_modules\express\lib\router\layer.js:95:5)
    at next (C:\Users\satar\.gemini\antigravity\scratch\clipmind-ai\backend\node_modules\express\lib\router\route.js:149:13)
    at Route.dispatch (C:\Users\satar\.gemini\antigravity\scratch\clipmind-ai\backend\node_modules\express\lib\router\route.js:119:3)
    at Layer.handle [as handle_request] (C:\Users\satar\.gemini\antigravity\scratch\clipmind-ai\backend\node_modules\express\lib\router\layer.js:95:5)
    at C:\Users\satar\.gemini\antigravity\scratch\clipmind-ai\backend\node_modules\express\lib\router\index.js:284:15
    at Function.process_params (C:\Users\satar\.gemini\antigravity\scratch\clipmind-ai\backend\node_modules\express\lib\router\index.js:346:12)
[2026-08-06 17:49:33] [31merror[39m: 401 - Token has expired. - /api/analytics/videos - GET
[2026-08-06 17:49:33] [31merror[39m: TokenExpiredError: jwt expired
    at C:\Users\satar\.gemini\antigravity\scratch\clipmind-ai\backend\node_modules\jsonwebtoken\verify.js:190:21
    at getSecret (C:\Users\satar\.gemini\antigravity\scratch\clipmind-ai\backend\node_modules\jsonwebtoken\verify.js:97:14)
    at module.exports [as verify] (C:\Users\satar\.gemini\antigravity\scratch\clipmind-ai\backend\node_modules\jsonwebtoken\verify.js:101:10)
    at authenticate (C:\Users\satar\.gemini\antigravity\scratch\clipmind-ai\backend\src\middleware\auth.middleware.js:15:25)
    at Layer.handle [as handle_request] (C:\Users\satar\.gemini\antigravity\scratch\clipmind-ai\backend\node_modules\express\lib\router\layer.js:95:5)
    at next (C:\Users\satar\.gemini\antigravity\scratch\clipmind-ai\backend\node_modules\express\lib\router\route.js:149:13)
    at Route.dispatch (C:\Users\satar\.gemini\antigravity\scratch\clipmind-ai\backend\node_modules\express\lib\router\route.js:119:3)
    at Layer.handle [as handle_request] (C:\Users\satar\.gemini\antigravity\scratch\clipmind-ai\backend\node_modules\express\lib\router\layer.js:95:5)
    at C:\Users\satar\.gemini\antigravity\scratch\clipmind-ai\backend\node_modules\express\lib\router\index.js:284:15
    at Function.process_params (C:\Users\satar\.gemini\antigravity\scratch\clipmind-ai\backend\node_modules\express\lib\router\index.js:346:12)
[2026-08-06 17:49:33] [31merror[39m: 401 - Token has expired. - /api/analytics/overview - GET
[2026-08-06 17:49:33] [31merror[39m: TokenExpiredError: jwt expired
    at C:\Users\satar\.gemini\antigravity\scratch\clipmind-ai\backend\node_modules\jsonwebtoken\verify.js:190:21
    at getSecret (C:\Users\satar\.gemini\antigravity\scratch\clipmind-ai\backend\node_modules\jsonwebtoken\verify.js:97:14)
    at module.exports [as verify] (C:\Users\satar\.gemini\antigravity\scratch\clipmind-ai\backend\node_modules\jsonwebtoken\verify.js:101:10)
    at authenticate (C:\Users\satar\.gemini\antigravity\scratch\clipmind-ai\backend\src\middleware\auth.middleware.js:15:25)
    at Layer.handle [as handle_request] (C:\Users\satar\.gemini\antigravity\scratch\clipmind-ai\backend\node_modules\express\lib\router\layer.js:95:5)
    at next (C:\Users\satar\.gemini\antigravity\scratch\clipmind-ai\backend\node_modules\express\lib\router\route.js:149:13)
    at Route.dispatch (C:\Users\satar\.gemini\antigravity\scratch\clipmind-ai\backend\node_modules\express\lib\router\route.js:119:3)
    at Layer.handle [as handle_request] (C:\Users\satar\.gemini\antigravity\scratch\clipmind-ai\backend\node_modules\express\lib\router\layer.js:95:5)
    at C:\Users\satar\.gemini\antigravity\scratch\clipmind-ai\backend\node_modules\express\lib\router\index.js:284:15
    at Function.process_params (C:\Users\satar\.gemini\antigravity\scratch\clipmind-ai\backend\node_modules\express\lib\router\index.js:346:12)
[2026-08-06 17:49:33] [31merror[39m: 401 - Token has expired. - /api/analytics/overview - GET
[2026-08-06 17:49:33] [31merror[39m: TokenExpiredError: jwt expired
    at C:\Users\satar\.gemini\antigravity\scratch\clipmind-ai\backend\node_modules\jsonwebtoken\verify.js:190:21
    at getSecret (C:\Users\satar\.gemini\antigravity\scratch\clipmind-ai\backend\node_modules\jsonwebtoken\verify.js:97:14)
    at module.exports [as verify] (C:\Users\satar\.gemini\antigravity\scratch\clipmind-ai\backend\node_modules\jsonwebtoken\verify.js:101:10)
    at authenticate (C:\Users\satar\.gemini\antigravity\scratch\clipmind-ai\backend\src\middleware\auth.middleware.js:15:25)
    at Layer.handle [as handle_request] (C:\Users\satar\.gemini\antigravity\scratch\clipmind-ai\backend\node_modules\express\lib\router\layer.js:95:5)
    at next (C:\Users\satar\.gemini\antigravity\scratch\clipmind-ai\backend\node_modules\express\lib\router\route.js:149:13)
    at Route.dispatch (C:\Users\satar\.gemini\antigravity\scratch\clipmind-ai\backend\node_modules\express\lib\router\route.js:119:3)
    at Layer.handle [as handle_request] (C:\Users\satar\.gemini\antigravity\scratch\clipmind-ai\backend\node_modules\express\lib\router\layer.js:95:5)
    at C:\Users\satar\.gemini\antigravity\scratch\clipmind-ai\backend\node_modules\express\lib\router\index.js:284:15
    at Function.process_params (C:\Users\satar\.gemini\antigravity\scratch\clipmind-ai\backend\node_modules\express\lib\router\index.js:346:12)
[2026-08-06 17:49:33] [31merror[39m: 401 - Token has expired. - /api/analytics/content-insights - GET
[2026-08-06 17:49:33] [31merror[39m: TokenExpiredError: jwt expired
    at C:\Users\satar\.gemini\antigravity\scratch\clipmind-ai\backend\node_modules\jsonwebtoken\verify.js:190:21
    at getSecret (C:\Users\satar\.gemini\antigravity\scratch\clipmind-ai\backend\node_modules\jsonwebtoken\verify.js:97:14)
    at module.exports [as verify] (C:\Users\satar\.gemini\antigravity\scratch\clipmind-ai\backend\node_modules\jsonwebtoken\verify.js:101:10)
    at authenticate (C:\Users\satar\.gemini\antigravity\scratch\clipmind-ai\backend\src\middleware\auth.middleware.js:15:25)
    at Layer.handle [as handle_request] (C:\Users\satar\.gemini\antigravity\scratch\clipmind-ai\backend\node_modules\express\lib\router\layer.js:95:5)
    at next (C:\Users\satar\.gemini\antigravity\scratch\clipmind-ai\backend\node_modules\express\lib\router\route.js:149:13)
    at Route.dispatch (C:\Users\satar\.gemini\antigravity\scratch\clipmind-ai\backend\node_modules\express\lib\router\route.js:119:3)
    at Layer.handle [as handle_request] (C:\Users\satar\.gemini\antigravity\scratch\clipmind-ai\backend\node_modules\express\lib\router\layer.js:95:5)
    at C:\Users\satar\.gemini\antigravity\scratch\clipmind-ai\backend\node_modules\express\lib\router\index.js:284:15
    at Function.process_params (C:\Users\satar\.gemini\antigravity\scratch\clipmind-ai\backend\node_modules\express\lib\router\index.js:346:12)
[2026-08-06 17:49:33] [31merror[39m: 401 - Token has expired. - /api/analytics/videos - GET
[2026-08-06 17:49:33] [31merror[39m: TokenExpiredError: jwt expired
    at C:\Users\satar\.gemini\antigravity\scratch\clipmind-ai\backend\node_modules\jsonwebtoken\verify.js:190:21
    at getSecret (C:\Users\satar\.gemini\antigravity\scratch\clipmind-ai\backend\node_modules\jsonwebtoken\verify.js:97:14)
    at module.exports [as verify] (C:\Users\satar\.gemini\antigravity\scratch\clipmind-ai\backend\node_modules\jsonwebtoken\verify.js:101:10)
    at authenticate (C:\Users\satar\.gemini\antigravity\scratch\clipmind-ai\backend\src\middleware\auth.middleware.js:15:25)
    at Layer.handle [as handle_request] (C:\Users\satar\.gemini\antigravity\scratch\clipmind-ai\backend\node_modules\express\lib\router\layer.js:95:5)
    at next (C:\Users\satar\.gemini\antigravity\scratch\clipmind-ai\backend\node_modules\express\lib\router\route.js:149:13)
    at Route.dispatch (C:\Users\satar\.gemini\antigravity\scratch\clipmind-ai\backend\node_modules\express\lib\router\route.js:119:3)
    at Layer.handle [as handle_request] (C:\Users\satar\.gemini\antigravity\scratch\clipmind-ai\backend\node_modules\express\lib\router\layer.js:95:5)
    at C:\Users\satar\.gemini\antigravity\scratch\clipmind-ai\backend\node_modules\express\lib\router\index.js:284:15
    at Function.process_params (C:\Users\satar\.gemini\antigravity\scratch\clipmind-ai\backend\node_modules\express\lib\router\index.js:346:12)
[2026-08-06 17:49:33] [31merror[39m: 401 - Token has expired. - /api/analytics/overview - GET
[2026-08-06 17:49:33] [31merror[39m: TokenExpiredError: jwt expired
    at C:\Users\satar\.gemini\antigravity\scratch\clipmind-ai\backend\node_modules\jsonwebtoken\verify.js:190:21
    at getSecret (C:\Users\satar\.gemini\antigravity\scratch\clipmind-ai\backend\node_modules\jsonwebtoken\verify.js:97:14)
    at module.exports [as verify] (C:\Users\satar\.gemini\antigravity\scratch\clipmind-ai\backend\node_modules\jsonwebtoken\verify.js:101:10)
    at authenticate (C:\Users\satar\.gemini\antigravity\scratch\clipmind-ai\backend\src\middleware\auth.middleware.js:15:25)
    at Layer.handle [as handle_request] (C:\Users\satar\.gemini\antigravity\scratch\clipmind-ai\backend\node_modules\express\lib\router\layer.js:95:5)
    at next (C:\Users\satar\.gemini\antigravity\scratch\clipmind-ai\backend\node_modules\express\lib\router\route.js:149:13)
    at Route.dispatch (C:\Users\satar\.gemini\antigravity\scratch\clipmind-ai\backend\node_modules\express\lib\router\route.js:119:3)
    at Layer.handle [as handle_request] (C:\Users\satar\.gemini\antigravity\scratch\clipmind-ai\backend\node_modules\express\lib\router\layer.js:95:5)
    at C:\Users\satar\.gemini\antigravity\scratch\clipmind-ai\backend\node_modules\express\lib\router\index.js:284:15
    at Function.process_params (C:\Users\satar\.gemini\antigravity\scratch\clipmind-ai\backend\node_modules\express\lib\router\index.js:346:12)
[2026-08-06 17:49:33] [31merror[39m: 401 - Token has expired. - /api/analytics/content-insights - GET
[2026-08-06 17:49:33] [31merror[39m: TokenExpiredError: jwt expired
    at C:\Users\satar\.gemini\antigravity\scratch\clipmind-ai\backend\node_modules\jsonwebtoken\verify.js:190:21
    at getSecret (C:\Users\satar\.gemini\antigravity\scratch\clipmind-ai\backend\node_modules\jsonwebtoken\verify.js:97:14)
    at module.exports [as verify] (C:\Users\satar\.gemini\antigravity\scratch\clipmind-ai\backend\node_modules\jsonwebtoken\verify.js:101:10)
    at authenticate (C:\Users\satar\.gemini\antigravity\scratch\clipmind-ai\backend\src\middleware\auth.middleware.js:15:25)
    at Layer.handle [as handle_request] (C:\Users\satar\.gemini\antigravity\scratch\clipmind-ai\backend\node_modules\express\lib\router\layer.js:95:5)
    at next (C:\Users\satar\.gemini\antigravity\scratch\clipmind-ai\backend\node_modules\express\lib\router\route.js:149:13)
    at Route.dispatch (C:\Users\satar\.gemini\antigravity\scratch\clipmind-ai\backend\node_modules\express\lib\router\route.js:119:3)
    at Layer.handle [as handle_request] (C:\Users\satar\.gemini\antigravity\scratch\clipmind-ai\backend\node_modules\express\lib\router\layer.js:95:5)
    at C:\Users\satar\.gemini\antigravity\scratch\clipmind-ai\backend\node_modules\express\lib\router\index.js:284:15
    at Function.process_params (C:\Users\satar\.gemini\antigravity\scratch\clipmind-ai\backend\node_modules\express\lib\router\index.js:346:12)
[2026-08-06 17:49:33] [31merror[39m: 401 - Token has expired. - /api/analytics/videos - GET
[2026-08-06 17:49:33] [31merror[39m: TokenExpiredError: jwt expired
    at C:\Users\satar\.gemini\antigravity\scratch\clipmind-ai\backend\node_modules\jsonwebtoken\verify.js:190:21
    at getSecret (C:\Users\satar\.gemini\antigravity\scratch\clipmind-ai\backend\node_modules\jsonwebtoken\verify.js:97:14)
    at module.exports [as verify] (C:\Users\satar\.gemini\antigravity\scratch\clipmind-ai\backend\node_modules\jsonwebtoken\verify.js:101:10)
    at authenticate (C:\Users\satar\.gemini\antigravity\scratch\clipmind-ai\backend\src\middleware\auth.middleware.js:15:25)
    at Layer.handle [as handle_request] (C:\Users\satar\.gemini\antigravity\scratch\clipmind-ai\backend\node_modules\express\lib\router\layer.js:95:5)
    at next (C:\Users\satar\.gemini\antigravity\scratch\clipmind-ai\backend\node_modules\express\lib\router\route.js:149:13)
    at Route.dispatch (C:\Users\satar\.gemini\antigravity\scratch\clipmind-ai\backend\node_modules\express\lib\router\route.js:119:3)
    at Layer.handle [as handle_request] (C:\Users\satar\.gemini\antigravity\scratch\clipmind-ai\backend\node_modules\express\lib\router\layer.js:95:5)
    at C:\Users\satar\.gemini\antigravity\scratch\clipmind-ai\backend\node_modules\express\lib\router\index.js:284:15
    at Function.process_params (C:\Users\satar\.gemini\antigravity\scratch\clipmind-ai\backend\node_modules\express\lib\router\index.js:346:12)
[2026-08-06 17:49:33] [31merror[39m: 401 - Token has expired. - /api/analytics/content-insights - GET
[2026-08-06 17:49:33] [31merror[39m: TokenExpiredError: jwt expired
    at C:\Users\satar\.gemini\antigravity\scratch\clipmind-ai\backend\node_modules\jsonwebtoken\verify.js:190:21
    at getSecret (C:\Users\satar\.gemini\antigravity\scratch\clipmind-ai\backend\node_modules\jsonwebtoken\verify.js:97:14)
    at module.exports [as verify] (C:\Users\satar\.gemini\antigravity\scratch\clipmind-ai\backend\node_modules\jsonwebtoken\verify.js:101:10)
    at authenticate (C:\Users\satar\.gemini\antigravity\scratch\clipmind-ai\backend\src\middleware\auth.middleware.js:15:25)
    at Layer.handle [as handle_request] (C:\Users\satar\.gemini\antigravity\scratch\clipmind-ai\backend\node_modules\express\lib\router\layer.js:95:5)
    at next (C:\Users\satar\.gemini\antigravity\scratch\clipmind-ai\backend\node_modules\express\lib\router\route.js:149:13)
    at Route.dispatch (C:\Users\satar\.gemini\antigravity\scratch\clipmind-ai\backend\node_modules\express\lib\router\route.js:119:3)
    at Layer.handle [as handle_request] (C:\Users\satar\.gemini\antigravity\scratch\clipmind-ai\backend\node_modules\express\lib\router\layer.js:95:5)
    at C:\Users\satar\.gemini\antigravity\scratch\clipmind-ai\backend\node_modules\express\lib\router\index.js:284:15
    at Function.process_params (C:\Users\satar\.gemini\antigravity\scratch\clipmind-ai\backend\node_modules\express\lib\router\index.js:346:12)
[2026-08-06 17:49:33] [31merror[39m: 401 - Token has expired. - /api/analytics/videos - GET
[2026-08-06 17:49:33] [31merror[39m: TokenExpiredError: jwt expired
    at C:\Users\satar\.gemini\antigravity\scratch\clipmind-ai\backend\node_modules\jsonwebtoken\verify.js:190:21
    at getSecret (C:\Users\satar\.gemini\antigravity\scratch\clipmind-ai\backend\node_modules\jsonwebtoken\verify.js:97:14)
    at module.exports [as verify] (C:\Users\satar\.gemini\antigravity\scratch\clipmind-ai\backend\node_modules\jsonwebtoken\verify.js:101:10)
    at authenticate (C:\Users\satar\.gemini\antigravity\scratch\clipmind-ai\backend\src\middleware\auth.middleware.js:15:25)
    at Layer.handle [as handle_request] (C:\Users\satar\.gemini\antigravity\scratch\clipmind-ai\backend\node_modules\express\lib\router\layer.js:95:5)
    at next (C:\Users\satar\.gemini\antigravity\scratch\clipmind-ai\backend\node_modules\express\lib\router\route.js:149:13)
    at Route.dispatch (C:\Users\satar\.gemini\antigravity\scratch\clipmind-ai\backend\node_modules\express\lib\router\route.js:119:3)
    at Layer.handle [as handle_request] (C:\Users\satar\.gemini\antigravity\scratch\clipmind-ai\backend\node_modules\express\lib\router\layer.js:95:5)
    at C:\Users\satar\.gemini\antigravity\scratch\clipmind-ai\backend\node_modules\express\lib\router\index.js:284:15
    at Function.process_params (C:\Users\satar\.gemini\antigravity\scratch\clipmind-ai\backend\node_modules\express\lib\router\index.js:346:12)
[2026-08-06 17:50:01] [31merror[39m: 401 - Token has expired. - /api/videos/e48e8a7e-6003-4764-9663-584857486673 - GET
[2026-08-06 17:50:01] [31merror[39m: TokenExpiredError: jwt expired
    at C:\Users\satar\.gemini\antigravity\scratch\clipmind-ai\backend\node_modules\jsonwebtoken\verify.js:190:21
    at getSecret (C:\Users\satar\.gemini\antigravity\scratch\clipmind-ai\backend\node_modules\jsonwebtoken\verify.js:97:14)
    at module.exports [as verify] (C:\Users\satar\.gemini\antigravity\scratch\clipmind-ai\backend\node_modules\jsonwebtoken\verify.js:101:10)
    at authenticate (C:\Users\satar\.gemini\antigravity\scratch\clipmind-ai\backend\src\middleware\auth.middleware.js:15:25)
    at Layer.handle [as handle_request] (C:\Users\satar\.gemini\antigravity\scratch\clipmind-ai\backend\node_modules\express\lib\router\layer.js:95:5)
    at next (C:\Users\satar\.gemini\antigravity\scratch\clipmind-ai\backend\node_modules\express\lib\router\route.js:149:13)
    at Route.dispatch (C:\Users\satar\.gemini\antigravity\scratch\clipmind-ai\backend\node_modules\express\lib\router\route.js:119:3)
    at Layer.handle [as handle_request] (C:\Users\satar\.gemini\antigravity\scratch\clipmind-ai\backend\node_modules\express\lib\router\layer.js:95:5)
    at C:\Users\satar\.gemini\antigravity\scratch\clipmind-ai\backend\node_modules\express\lib\router\index.js:284:15
    at param (C:\Users\satar\.gemini\antigravity\scratch\clipmind-ai\backend\node_modules\express\lib\router\index.js:365:14)
[2026-08-06 17:51:16] [31merror[39m: 401 - Token has expired. - /api/videos? - GET
[2026-08-06 17:51:16] [31merror[39m: TokenExpiredError: jwt expired
    at C:\Users\satar\.gemini\antigravity\scratch\clipmind-ai\backend\node_modules\jsonwebtoken\verify.js:190:21
    at getSecret (C:\Users\satar\.gemini\antigravity\scratch\clipmind-ai\backend\node_modules\jsonwebtoken\verify.js:97:14)
    at module.exports [as verify] (C:\Users\satar\.gemini\antigravity\scratch\clipmind-ai\backend\node_modules\jsonwebtoken\verify.js:101:10)
    at authenticate (C:\Users\satar\.gemini\antigravity\scratch\clipmind-ai\backend\src\middleware\auth.middleware.js:15:25)
    at Layer.handle [as handle_request] (C:\Users\satar\.gemini\antigravity\scratch\clipmind-ai\backend\node_modules\express\lib\router\layer.js:95:5)
    at next (C:\Users\satar\.gemini\antigravity\scratch\clipmind-ai\backend\node_modules\express\lib\router\route.js:149:13)
    at Route.dispatch (C:\Users\satar\.gemini\antigravity\scratch\clipmind-ai\backend\node_modules\express\lib\router\route.js:119:3)
    at Layer.handle [as handle_request] (C:\Users\satar\.gemini\antigravity\scratch\clipmind-ai\backend\node_modules\express\lib\router\layer.js:95:5)
    at C:\Users\satar\.gemini\antigravity\scratch\clipmind-ai\backend\node_modules\express\lib\router\index.js:284:15
    at Function.process_params (C:\Users\satar\.gemini\antigravity\scratch\clipmind-ai\backend\node_modules\express\lib\router\index.js:346:12)
[2026-08-06 17:51:16] [31merror[39m: 401 - Token has expired. - /api/videos? - GET
[2026-08-06 17:51:16] [31merror[39m: TokenExpiredError: jwt expired
    at C:\Users\satar\.gemini\antigravity\scratch\clipmind-ai\backend\node_modules\jsonwebtoken\verify.js:190:21
    at getSecret (C:\Users\satar\.gemini\antigravity\scratch\clipmind-ai\backend\node_modules\jsonwebtoken\verify.js:97:14)
    at module.exports [as verify] (C:\Users\satar\.gemini\antigravity\scratch\clipmind-ai\backend\node_modules\jsonwebtoken\verify.js:101:10)
    at authenticate (C:\Users\satar\.gemini\antigravity\scratch\clipmind-ai\backend\src\middleware\auth.middleware.js:15:25)
    at Layer.handle [as handle_request] (C:\Users\satar\.gemini\antigravity\scratch\clipmind-ai\backend\node_modules\express\lib\router\layer.js:95:5)
    at next (C:\Users\satar\.gemini\antigravity\scratch\clipmind-ai\backend\node_modules\express\lib\router\route.js:149:13)
    at Route.dispatch (C:\Users\satar\.gemini\antigravity\scratch\clipmind-ai\backend\node_modules\express\lib\router\route.js:119:3)
    at Layer.handle [as handle_request] (C:\Users\satar\.gemini\antigravity\scratch\clipmind-ai\backend\node_modules\express\lib\router\layer.js:95:5)
    at C:\Users\satar\.gemini\antigravity\scratch\clipmind-ai\backend\node_modules\express\lib\router\index.js:284:15
    at Function.process_params (C:\Users\satar\.gemini\antigravity\scratch\clipmind-ai\backend\node_modules\express\lib\router\index.js:346:12)
[2026-08-06 17:51:23] [31merror[39m: 401 - Token has expired. - /api/videos? - GET
[2026-08-06 17:51:23] [31merror[39m: TokenExpiredError: jwt expired
    at C:\Users\satar\.gemini\antigravity\scratch\clipmind-ai\backend\node_modules\jsonwebtoken\verify.js:190:21
    at getSecret (C:\Users\satar\.gemini\antigravity\scratch\clipmind-ai\backend\node_modules\jsonwebtoken\verify.js:97:14)
    at module.exports [as verify] (C:\Users\satar\.gemini\antigravity\scratch\clipmind-ai\backend\node_modules\jsonwebtoken\verify.js:101:10)
    at authenticate (C:\Users\satar\.gemini\antigravity\scratch\clipmind-ai\backend\src\middleware\auth.middleware.js:15:25)
    at Layer.handle [as handle_request] (C:\Users\satar\.gemini\antigravity\scratch\clipmind-ai\backend\node_modules\express\lib\router\layer.js:95:5)
    at next (C:\Users\satar\.gemini\antigravity\scratch\clipmind-ai\backend\node_modules\express\lib\router\route.js:149:13)
    at Route.dispatch (C:\Users\satar\.gemini\antigravity\scratch\clipmind-ai\backend\node_modules\express\lib\router\route.js:119:3)
    at Layer.handle [as handle_request] (C:\Users\satar\.gemini\antigravity\scratch\clipmind-ai\backend\node_modules\express\lib\router\layer.js:95:5)
    at C:\Users\satar\.gemini\antigravity\scratch\clipmind-ai\backend\node_modules\express\lib\router\index.js:284:15
    at Function.process_params (C:\Users\satar\.gemini\antigravity\scratch\clipmind-ai\backend\node_modules\express\lib\router\index.js:346:12)
[2026-08-06 17:51:23] [31merror[39m: 401 - Token has expired. - /api/videos? - GET
[2026-08-06 17:51:23] [31merror[39m: TokenExpiredError: jwt expired
    at C:\Users\satar\.gemini\antigravity\scratch\clipmind-ai\backend\node_modules\jsonwebtoken\verify.js:190:21
    at getSecret (C:\Users\satar\.gemini\antigravity\scratch\clipmind-ai\backend\node_modules\jsonwebtoken\verify.js:97:14)
    at module.exports [as verify] (C:\Users\satar\.gemini\antigravity\scratch\clipmind-ai\backend\node_modules\jsonwebtoken\verify.js:101:10)
    at authenticate (C:\Users\satar\.gemini\antigravity\scratch\clipmind-ai\backend\src\middleware\auth.middleware.js:15:25)
    at Layer.handle [as handle_request] (C:\Users\satar\.gemini\antigravity\scratch\clipmind-ai\backend\node_modules\express\lib\router\layer.js:95:5)
    at next (C:\Users\satar\.gemini\antigravity\scratch\clipmind-ai\backend\node_modules\express\lib\router\route.js:149:13)
    at Route.dispatch (C:\Users\satar\.gemini\antigravity\scratch\clipmind-ai\backend\node_modules\express\lib\router\route.js:119:3)
    at Layer.handle [as handle_request] (C:\Users\satar\.gemini\antigravity\scratch\clipmind-ai\backend\node_modules\express\lib\router\layer.js:95:5)
    at C:\Users\satar\.gemini\antigravity\scratch\clipmind-ai\backend\node_modules\express\lib\router\index.js:284:15
    at Function.process_params (C:\Users\satar\.gemini\antigravity\scratch\clipmind-ai\backend\node_modules\express\lib\router\index.js:346:12)
[2026-08-06 17:51:25] [31merror[39m: 401 - Token has expired. - /api/analytics/overview - GET
[2026-08-06 17:51:25] [31merror[39m: TokenExpiredError: jwt expired
    at C:\Users\satar\.gemini\antigravity\scratch\clipmind-ai\backend\node_modules\jsonwebtoken\verify.js:190:21
    at getSecret (C:\Users\satar\.gemini\antigravity\scratch\clipmind-ai\backend\node_modules\jsonwebtoken\verify.js:97:14)
    at module.exports [as verify] (C:\Users\satar\.gemini\antigravity\scratch\clipmind-ai\backend\node_modules\jsonwebtoken\verify.js:101:10)
    at authenticate (C:\Users\satar\.gemini\antigravity\scratch\clipmind-ai\backend\src\middleware\auth.middleware.js:15:25)
    at Layer.handle [as handle_request] (C:\Users\satar\.gemini\antigravity\scratch\clipmind-ai\backend\node_modules\express\lib\router\layer.js:95:5)
    at next (C:\Users\satar\.gemini\antigravity\scratch\clipmind-ai\backend\node_modules\express\lib\router\route.js:149:13)
    at Route.dispatch (C:\Users\satar\.gemini\antigravity\scratch\clipmind-ai\backend\node_modules\express\lib\router\route.js:119:3)
    at Layer.handle [as handle_request] (C:\Users\satar\.gemini\antigravity\scratch\clipmind-ai\backend\node_modules\express\lib\router\layer.js:95:5)
    at C:\Users\satar\.gemini\antigravity\scratch\clipmind-ai\backend\node_modules\express\lib\router\index.js:284:15
    at Function.process_params (C:\Users\satar\.gemini\antigravity\scratch\clipmind-ai\backend\node_modules\express\lib\router\index.js:346:12)
[2026-08-06 17:51:25] [31merror[39m: 401 - Token has expired. - /api/analytics/overview - GET
[2026-08-06 17:51:25] [31merror[39m: TokenExpiredError: jwt expired
    at C:\Users\satar\.gemini\antigravity\scratch\clipmind-ai\backend\node_modules\jsonwebtoken\verify.js:190:21
    at getSecret (C:\Users\satar\.gemini\antigravity\scratch\clipmind-ai\backend\node_modules\jsonwebtoken\verify.js:97:14)
    at module.exports [as verify] (C:\Users\satar\.gemini\antigravity\scratch\clipmind-ai\backend\node_modules\jsonwebtoken\verify.js:101:10)
    at authenticate (C:\Users\satar\.gemini\antigravity\scratch\clipmind-ai\backend\src\middleware\auth.middleware.js:15:25)
    at Layer.handle [as handle_request] (C:\Users\satar\.gemini\antigravity\scratch\clipmind-ai\backend\node_modules\express\lib\router\layer.js:95:5)
    at next (C:\Users\satar\.gemini\antigravity\scratch\clipmind-ai\backend\node_modules\express\lib\router\route.js:149:13)
    at Route.dispatch (C:\Users\satar\.gemini\antigravity\scratch\clipmind-ai\backend\node_modules\express\lib\router\route.js:119:3)
    at Layer.handle [as handle_request] (C:\Users\satar\.gemini\antigravity\scratch\clipmind-ai\backend\node_modules\express\lib\router\layer.js:95:5)
    at C:\Users\satar\.gemini\antigravity\scratch\clipmind-ai\backend\node_modules\express\lib\router\index.js:284:15
    at Function.process_params (C:\Users\satar\.gemini\antigravity\scratch\clipmind-ai\backend\node_modules\express\lib\router\index.js:346:12)
[2026-08-06 17:51:27] [31merror[39m: 401 - Token has expired. - /api/videos? - GET
[2026-08-06 17:51:27] [31merror[39m: TokenExpiredError: jwt expired
    at C:\Users\satar\.gemini\antigravity\scratch\clipmind-ai\backend\node_modules\jsonwebtoken\verify.js:190:21
    at getSecret (C:\Users\satar\.gemini\antigravity\scratch\clipmind-ai\backend\node_modules\jsonwebtoken\verify.js:97:14)
    at module.exports [as verify] (C:\Users\satar\.gemini\antigravity\scratch\clipmind-ai\backend\node_modules\jsonwebtoken\verify.js:101:10)
    at authenticate (C:\Users\satar\.gemini\antigravity\scratch\clipmind-ai\backend\src\middleware\auth.middleware.js:15:25)
    at Layer.handle [as handle_request] (C:\Users\satar\.gemini\antigravity\scratch\clipmind-ai\backend\node_modules\express\lib\router\layer.js:95:5)
    at next (C:\Users\satar\.gemini\antigravity\scratch\clipmind-ai\backend\node_modules\express\lib\router\route.js:149:13)
    at Route.dispatch (C:\Users\satar\.gemini\antigravity\scratch\clipmind-ai\backend\node_modules\express\lib\router\route.js:119:3)
    at Layer.handle [as handle_request] (C:\Users\satar\.gemini\antigravity\scratch\clipmind-ai\backend\node_modules\express\lib\router\layer.js:95:5)
    at C:\Users\satar\.gemini\antigravity\scratch\clipmind-ai\backend\node_modules\express\lib\router\index.js:284:15
    at Function.process_params (C:\Users\satar\.gemini\antigravity\scratch\clipmind-ai\backend\node_modules\express\lib\router\index.js:346:12)
[2026-08-06 17:51:27] [31merror[39m: 401 - Token has expired. - /api/videos? - GET
[2026-08-06 17:51:27] [31merror[39m: TokenExpiredError: jwt expired
    at C:\Users\satar\.gemini\antigravity\scratch\clipmind-ai\backend\node_modules\jsonwebtoken\verify.js:190:21
    at getSecret (C:\Users\satar\.gemini\antigravity\scratch\clipmind-ai\backend\node_modules\jsonwebtoken\verify.js:97:14)
    at module.exports [as verify] (C:\Users\satar\.gemini\antigravity\scratch\clipmind-ai\backend\node_modules\jsonwebtoken\verify.js:101:10)
    at authenticate (C:\Users\satar\.gemini\antigravity\scratch\clipmind-ai\backend\src\middleware\auth.middleware.js:15:25)
    at Layer.handle [as handle_request] (C:\Users\satar\.gemini\antigravity\scratch\clipmind-ai\backend\node_modules\express\lib\router\layer.js:95:5)
    at next (C:\Users\satar\.gemini\antigravity\scratch\clipmind-ai\backend\node_modules\express\lib\router\route.js:149:13)
    at Route.dispatch (C:\Users\satar\.gemini\antigravity\scratch\clipmind-ai\backend\node_modules\express\lib\router\route.js:119:3)
    at Layer.handle [as handle_request] (C:\Users\satar\.gemini\antigravity\scratch\clipmind-ai\backend\node_modules\express\lib\router\layer.js:95:5)
    at C:\Users\satar\.gemini\antigravity\scratch\clipmind-ai\backend\node_modules\express\lib\router\index.js:284:15
    at Function.process_params (C:\Users\satar\.gemini\antigravity\scratch\clipmind-ai\backend\node_modules\express\lib\router\index.js:346:12)
[2026-08-06 17:51:29] [31merror[39m: 401 - Token has expired. - /api/videos?limit=24 - GET
[2026-08-06 17:51:29] [31merror[39m: TokenExpiredError: jwt expired
    at C:\Users\satar\.gemini\antigravity\scratch\clipmind-ai\backend\node_modules\jsonwebtoken\verify.js:190:21
    at getSecret (C:\Users\satar\.gemini\antigravity\scratch\clipmind-ai\backend\node_modules\jsonwebtoken\verify.js:97:14)
    at module.exports [as verify] (C:\Users\satar\.gemini\antigravity\scratch\clipmind-ai\backend\node_modules\jsonwebtoken\verify.js:101:10)
    at authenticate (C:\Users\satar\.gemini\antigravity\scratch\clipmind-ai\backend\src\middleware\auth.middleware.js:15:25)
    at Layer.handle [as handle_request] (C:\Users\satar\.gemini\antigravity\scratch\clipmind-ai\backend\node_modules\express\lib\router\layer.js:95:5)
    at next (C:\Users\satar\.gemini\antigravity\scratch\clipmind-ai\backend\node_modules\express\lib\router\route.js:149:13)
    at Route.dispatch (C:\Users\satar\.gemini\antigravity\scratch\clipmind-ai\backend\node_modules\express\lib\router\route.js:119:3)
    at Layer.handle [as handle_request] (C:\Users\satar\.gemini\antigravity\scratch\clipmind-ai\backend\node_modules\express\lib\router\layer.js:95:5)
    at C:\Users\satar\.gemini\antigravity\scratch\clipmind-ai\backend\node_modules\express\lib\router\index.js:284:15
    at Function.process_params (C:\Users\satar\.gemini\antigravity\scratch\clipmind-ai\backend\node_modules\express\lib\router\index.js:346:12)
[2026-08-06 17:51:29] [31merror[39m: 401 - Token has expired. - /api/videos?limit=24 - GET
[2026-08-06 17:51:29] [31merror[39m: TokenExpiredError: jwt expired
    at C:\Users\satar\.gemini\antigravity\scratch\clipmind-ai\backend\node_modules\jsonwebtoken\verify.js:190:21
    at getSecret (C:\Users\satar\.gemini\antigravity\scratch\clipmind-ai\backend\node_modules\jsonwebtoken\verify.js:97:14)
    at module.exports [as verify] (C:\Users\satar\.gemini\antigravity\scratch\clipmind-ai\backend\node_modules\jsonwebtoken\verify.js:101:10)
    at authenticate (C:\Users\satar\.gemini\antigravity\scratch\clipmind-ai\backend\src\middleware\auth.middleware.js:15:25)
    at Layer.handle [as handle_request] (C:\Users\satar\.gemini\antigravity\scratch\clipmind-ai\backend\node_modules\express\lib\router\layer.js:95:5)
    at next (C:\Users\satar\.gemini\antigravity\scratch\clipmind-ai\backend\node_modules\express\lib\router\route.js:149:13)
    at Route.dispatch (C:\Users\satar\.gemini\antigravity\scratch\clipmind-ai\backend\node_modules\express\lib\router\route.js:119:3)
    at Layer.handle [as handle_request] (C:\Users\satar\.gemini\antigravity\scratch\clipmind-ai\backend\node_modules\express\lib\router\layer.js:95:5)
    at C:\Users\satar\.gemini\antigravity\scratch\clipmind-ai\backend\node_modules\express\lib\router\index.js:284:15
    at Function.process_params (C:\Users\satar\.gemini\antigravity\scratch\clipmind-ai\backend\node_modules\express\lib\router\index.js:346:12)
[2026-08-06 17:51:32] [31merror[39m: 401 - Token has expired. - /api/analytics/overview - GET
[2026-08-06 17:51:32] [31merror[39m: TokenExpiredError: jwt expired
    at C:\Users\satar\.gemini\antigravity\scratch\clipmind-ai\backend\node_modules\jsonwebtoken\verify.js:190:21
    at getSecret (C:\Users\satar\.gemini\antigravity\scratch\clipmind-ai\backend\node_modules\jsonwebtoken\verify.js:97:14)
    at module.exports [as verify] (C:\Users\satar\.gemini\antigravity\scratch\clipmind-ai\backend\node_modules\jsonwebtoken\verify.js:101:10)
    at authenticate (C:\Users\satar\.gemini\antigravity\scratch\clipmind-ai\backend\src\middleware\auth.middleware.js:15:25)
    at Layer.handle [as handle_request] (C:\Users\satar\.gemini\antigravity\scratch\clipmind-ai\backend\node_modules\express\lib\router\layer.js:95:5)
    at next (C:\Users\satar\.gemini\antigravity\scratch\clipmind-ai\backend\node_modules\express\lib\router\route.js:149:13)
    at Route.dispatch (C:\Users\satar\.gemini\antigravity\scratch\clipmind-ai\backend\node_modules\express\lib\router\route.js:119:3)
    at Layer.handle [as handle_request] (C:\Users\satar\.gemini\antigravity\scratch\clipmind-ai\backend\node_modules\express\lib\router\layer.js:95:5)
    at C:\Users\satar\.gemini\antigravity\scratch\clipmind-ai\backend\node_modules\express\lib\router\index.js:284:15
    at Function.process_params (C:\Users\satar\.gemini\antigravity\scratch\clipmind-ai\backend\node_modules\express\lib\router\index.js:346:12)
[2026-08-06 17:51:32] [31merror[39m: 401 - Token has expired. - /api/analytics/content-insights - GET
[2026-08-06 17:51:32] [31merror[39m: TokenExpiredError: jwt expired
    at C:\Users\satar\.gemini\antigravity\scratch\clipmind-ai\backend\node_modules\jsonwebtoken\verify.js:190:21
    at getSecret (C:\Users\satar\.gemini\antigravity\scratch\clipmind-ai\backend\node_modules\jsonwebtoken\verify.js:97:14)
    at module.exports [as verify] (C:\Users\satar\.gemini\antigravity\scratch\clipmind-ai\backend\node_modules\jsonwebtoken\verify.js:101:10)
    at authenticate (C:\Users\satar\.gemini\antigravity\scratch\clipmind-ai\backend\src\middleware\auth.middleware.js:15:25)
    at Layer.handle [as handle_request] (C:\Users\satar\.gemini\antigravity\scratch\clipmind-ai\backend\node_modules\express\lib\router\layer.js:95:5)
    at next (C:\Users\satar\.gemini\antigravity\scratch\clipmind-ai\backend\node_modules\express\lib\router\route.js:149:13)
    at Route.dispatch (C:\Users\satar\.gemini\antigravity\scratch\clipmind-ai\backend\node_modules\express\lib\router\route.js:119:3)
    at Layer.handle [as handle_request] (C:\Users\satar\.gemini\antigravity\scratch\clipmind-ai\backend\node_modules\express\lib\router\layer.js:95:5)
    at C:\Users\satar\.gemini\antigravity\scratch\clipmind-ai\backend\node_modules\express\lib\router\index.js:284:15
    at Function.process_params (C:\Users\satar\.gemini\antigravity\scratch\clipmind-ai\backend\node_modules\express\lib\router\index.js:346:12)
[2026-08-06 17:51:32] [31merror[39m: 401 - Token has expired. - /api/analytics/videos - GET
[2026-08-06 17:51:32] [31merror[39m: TokenExpiredError: jwt expired
    at C:\Users\satar\.gemini\antigravity\scratch\clipmind-ai\backend\node_modules\jsonwebtoken\verify.js:190:21
    at getSecret (C:\Users\satar\.gemini\antigravity\scratch\clipmind-ai\backend\node_modules\jsonwebtoken\verify.js:97:14)
    at module.exports [as verify] (C:\Users\satar\.gemini\antigravity\scratch\clipmind-ai\backend\node_modules\jsonwebtoken\verify.js:101:10)
    at authenticate (C:\Users\satar\.gemini\antigravity\scratch\clipmind-ai\backend\src\middleware\auth.middleware.js:15:25)
    at Layer.handle [as handle_request] (C:\Users\satar\.gemini\antigravity\scratch\clipmind-ai\backend\node_modules\express\lib\router\layer.js:95:5)
    at next (C:\Users\satar\.gemini\antigravity\scratch\clipmind-ai\backend\node_modules\express\lib\router\route.js:149:13)
    at Route.dispatch (C:\Users\satar\.gemini\antigravity\scratch\clipmind-ai\backend\node_modules\express\lib\router\route.js:119:3)
    at Layer.handle [as handle_request] (C:\Users\satar\.gemini\antigravity\scratch\clipmind-ai\backend\node_modules\express\lib\router\layer.js:95:5)
    at C:\Users\satar\.gemini\antigravity\scratch\clipmind-ai\backend\node_modules\express\lib\router\index.js:284:15
    at Function.process_params (C:\Users\satar\.gemini\antigravity\scratch\clipmind-ai\backend\node_modules\express\lib\router\index.js:346:12)
[2026-08-06 17:51:32] [31merror[39m: 401 - Token has expired. - /api/analytics/overview - GET
[2026-08-06 17:51:32] [31merror[39m: TokenExpiredError: jwt expired
    at C:\Users\satar\.gemini\antigravity\scratch\clipmind-ai\backend\node_modules\jsonwebtoken\verify.js:190:21
    at getSecret (C:\Users\satar\.gemini\antigravity\scratch\clipmind-ai\backend\node_modules\jsonwebtoken\verify.js:97:14)
    at module.exports [as verify] (C:\Users\satar\.gemini\antigravity\scratch\clipmind-ai\backend\node_modules\jsonwebtoken\verify.js:101:10)
    at authenticate (C:\Users\satar\.gemini\antigravity\scratch\clipmind-ai\backend\src\middleware\auth.middleware.js:15:25)
    at Layer.handle [as handle_request] (C:\Users\satar\.gemini\antigravity\scratch\clipmind-ai\backend\node_modules\express\lib\router\layer.js:95:5)
    at next (C:\Users\satar\.gemini\antigravity\scratch\clipmind-ai\backend\node_modules\express\lib\router\route.js:149:13)
    at Route.dispatch (C:\Users\satar\.gemini\antigravity\scratch\clipmind-ai\backend\node_modules\express\lib\router\route.js:119:3)
    at Layer.handle [as handle_request] (C:\Users\satar\.gemini\antigravity\scratch\clipmind-ai\backend\node_modules\express\lib\router\layer.js:95:5)
    at C:\Users\satar\.gemini\antigravity\scratch\clipmind-ai\backend\node_modules\express\lib\router\index.js:284:15
    at Function.process_params (C:\Users\satar\.gemini\antigravity\scratch\clipmind-ai\backend\node_modules\express\lib\router\index.js:346:12)
[2026-08-06 17:51:32] [31merror[39m: 401 - Token has expired. - /api/analytics/content-insights - GET
[2026-08-06 17:51:32] [31merror[39m: TokenExpiredError: jwt expired
    at C:\Users\satar\.gemini\antigravity\scratch\clipmind-ai\backend\node_modules\jsonwebtoken\verify.js:190:21
    at getSecret (C:\Users\satar\.gemini\antigravity\scratch\clipmind-ai\backend\node_modules\jsonwebtoken\verify.js:97:14)
    at module.exports [as verify] (C:\Users\satar\.gemini\antigravity\scratch\clipmind-ai\backend\node_modules\jsonwebtoken\verify.js:101:10)
    at authenticate (C:\Users\satar\.gemini\antigravity\scratch\clipmind-ai\backend\src\middleware\auth.middleware.js:15:25)
    at Layer.handle [as handle_request] (C:\Users\satar\.gemini\antigravity\scratch\clipmind-ai\backend\node_modules\express\lib\router\layer.js:95:5)
    at next (C:\Users\satar\.gemini\antigravity\scratch\clipmind-ai\backend\node_modules\express\lib\router\route.js:149:13)
    at Route.dispatch (C:\Users\satar\.gemini\antigravity\scratch\clipmind-ai\backend\node_modules\express\lib\router\route.js:119:3)
    at Layer.handle [as handle_request] (C:\Users\satar\.gemini\antigravity\scratch\clipmind-ai\backend\node_modules\express\lib\router\layer.js:95:5)
    at C:\Users\satar\.gemini\antigravity\scratch\clipmind-ai\backend\node_modules\express\lib\router\index.js:284:15
    at Function.process_params (C:\Users\satar\.gemini\antigravity\scratch\clipmind-ai\backend\node_modules\express\lib\router\index.js:346:12)
[2026-08-06 17:51:32] [31merror[39m: 401 - Token has expired. - /api/analytics/videos - GET
[2026-08-06 17:51:32] [31merror[39m: TokenExpiredError: jwt expired
    at C:\Users\satar\.gemini\antigravity\scratch\clipmind-ai\backend\node_modules\jsonwebtoken\verify.js:190:21
    at getSecret (C:\Users\satar\.gemini\antigravity\scratch\clipmind-ai\backend\node_modules\jsonwebtoken\verify.js:97:14)
    at module.exports [as verify] (C:\Users\satar\.gemini\antigravity\scratch\clipmind-ai\backend\node_modules\jsonwebtoken\verify.js:101:10)
    at authenticate (C:\Users\satar\.gemini\antigravity\scratch\clipmind-ai\backend\src\middleware\auth.middleware.js:15:25)
    at Layer.handle [as handle_request] (C:\Users\satar\.gemini\antigravity\scratch\clipmind-ai\backend\node_modules\express\lib\router\layer.js:95:5)
    at next (C:\Users\satar\.gemini\antigravity\scratch\clipmind-ai\backend\node_modules\express\lib\router\route.js:149:13)
    at Route.dispatch (C:\Users\satar\.gemini\antigravity\scratch\clipmind-ai\backend\node_modules\express\lib\router\route.js:119:3)
    at Layer.handle [as handle_request] (C:\Users\satar\.gemini\antigravity\scratch\clipmind-ai\backend\node_modules\express\lib\router\layer.js:95:5)
    at C:\Users\satar\.gemini\antigravity\scratch\clipmind-ai\backend\node_modules\express\lib\router\index.js:284:15
    at Function.process_params (C:\Users\satar\.gemini\antigravity\scratch\clipmind-ai\backend\node_modules\express\lib\router\index.js:346:12)
[2026-08-06 17:51:48] [31merror[39m: 401 - Token has expired. - /api/videos - POST
[2026-08-06 17:51:48] [31merror[39m: TokenExpiredError: jwt expired
    at C:\Users\satar\.gemini\antigravity\scratch\clipmind-ai\backend\node_modules\jsonwebtoken\verify.js:190:21
    at getSecret (C:\Users\satar\.gemini\antigravity\scratch\clipmind-ai\backend\node_modules\jsonwebtoken\verify.js:97:14)
    at module.exports [as verify] (C:\Users\satar\.gemini\antigravity\scratch\clipmind-ai\backend\node_modules\jsonwebtoken\verify.js:101:10)
    at authenticate (C:\Users\satar\.gemini\antigravity\scratch\clipmind-ai\backend\src\middleware\auth.middleware.js:15:25)
    at Layer.handle [as handle_request] (C:\Users\satar\.gemini\antigravity\scratch\clipmind-ai\backend\node_modules\express\lib\router\layer.js:95:5)
    at next (C:\Users\satar\.gemini\antigravity\scratch\clipmind-ai\backend\node_modules\express\lib\router\route.js:149:13)
    at Route.dispatch (C:\Users\satar\.gemini\antigravity\scratch\clipmind-ai\backend\node_modules\express\lib\router\route.js:119:3)
    at Layer.handle [as handle_request] (C:\Users\satar\.gemini\antigravity\scratch\clipmind-ai\backend\node_modules\express\lib\router\layer.js:95:5)
    at C:\Users\satar\.gemini\antigravity\scratch\clipmind-ai\backend\node_modules\express\lib\router\index.js:284:15
    at Function.process_params (C:\Users\satar\.gemini\antigravity\scratch\clipmind-ai\backend\node_modules\express\lib\router\index.js:346:12)
[2026-08-06 17:53:07] [31merror[39m: 401 - Token has expired. - /api/analytics/overview - GET
[2026-08-06 17:53:07] [31merror[39m: TokenExpiredError: jwt expired
    at C:\Users\satar\.gemini\antigravity\scratch\clipmind-ai\backend\node_modules\jsonwebtoken\verify.js:190:21
    at getSecret (C:\Users\satar\.gemini\antigravity\scratch\clipmind-ai\backend\node_modules\jsonwebtoken\verify.js:97:14)
    at module.exports [as verify] (C:\Users\satar\.gemini\antigravity\scratch\clipmind-ai\backend\node_modules\jsonwebtoken\verify.js:101:10)
    at authenticate (C:\Users\satar\.gemini\antigravity\scratch\clipmind-ai\backend\src\middleware\auth.middleware.js:15:25)
    at Layer.handle [as handle_request] (C:\Users\satar\.gemini\antigravity\scratch\clipmind-ai\backend\node_modules\express\lib\router\layer.js:95:5)
    at next (C:\Users\satar\.gemini\antigravity\scratch\clipmind-ai\backend\node_modules\express\lib\router\route.js:149:13)
    at Route.dispatch (C:\Users\satar\.gemini\antigravity\scratch\clipmind-ai\backend\node_modules\express\lib\router\route.js:119:3)
    at Layer.handle [as handle_request] (C:\Users\satar\.gemini\antigravity\scratch\clipmind-ai\backend\node_modules\express\lib\router\layer.js:95:5)
    at C:\Users\satar\.gemini\antigravity\scratch\clipmind-ai\backend\node_modules\express\lib\router\index.js:284:15
    at Function.process_params (C:\Users\satar\.gemini\antigravity\scratch\clipmind-ai\backend\node_modules\express\lib\router\index.js:346:12)
[2026-08-06 17:53:07] [31merror[39m: 401 - Token has expired. - /api/analytics/content-insights - GET
[2026-08-06 17:53:07] [31merror[39m: TokenExpiredError: jwt expired
    at C:\Users\satar\.gemini\antigravity\scratch\clipmind-ai\backend\node_modules\jsonwebtoken\verify.js:190:21
    at getSecret (C:\Users\satar\.gemini\antigravity\scratch\clipmind-ai\backend\node_modules\jsonwebtoken\verify.js:97:14)
    at module.exports [as verify] (C:\Users\satar\.gemini\antigravity\scratch\clipmind-ai\backend\node_modules\jsonwebtoken\verify.js:101:10)
    at authenticate (C:\Users\satar\.gemini\antigravity\scratch\clipmind-ai\backend\src\middleware\auth.middleware.js:15:25)
    at Layer.handle [as handle_request] (C:\Users\satar\.gemini\antigravity\scratch\clipmind-ai\backend\node_modules\express\lib\router\layer.js:95:5)
    at next (C:\Users\satar\.gemini\antigravity\scratch\clipmind-ai\backend\node_modules\express\lib\router\route.js:149:13)
    at Route.dispatch (C:\Users\satar\.gemini\antigravity\scratch\clipmind-ai\backend\node_modules\express\lib\router\route.js:119:3)
    at Layer.handle [as handle_request] (C:\Users\satar\.gemini\antigravity\scratch\clipmind-ai\backend\node_modules\express\lib\router\layer.js:95:5)
    at C:\Users\satar\.gemini\antigravity\scratch\clipmind-ai\backend\node_modules\express\lib\router\index.js:284:15
    at Function.process_params (C:\Users\satar\.gemini\antigravity\scratch\clipmind-ai\backend\node_modules\express\lib\router\index.js:346:12)
[2026-08-06 17:53:07] [31merror[39m: 401 - Token has expired. - /api/analytics/videos - GET
[2026-08-06 17:53:07] [31merror[39m: TokenExpiredError: jwt expired
    at C:\Users\satar\.gemini\antigravity\scratch\clipmind-ai\backend\node_modules\jsonwebtoken\verify.js:190:21
    at getSecret (C:\Users\satar\.gemini\antigravity\scratch\clipmind-ai\backend\node_modules\jsonwebtoken\verify.js:97:14)
    at module.exports [as verify] (C:\Users\satar\.gemini\antigravity\scratch\clipmind-ai\backend\node_modules\jsonwebtoken\verify.js:101:10)
    at authenticate (C:\Users\satar\.gemini\antigravity\scratch\clipmind-ai\backend\src\middleware\auth.middleware.js:15:25)
    at Layer.handle [as handle_request] (C:\Users\satar\.gemini\antigravity\scratch\clipmind-ai\backend\node_modules\express\lib\router\layer.js:95:5)
    at next (C:\Users\satar\.gemini\antigravity\scratch\clipmind-ai\backend\node_modules\express\lib\router\route.js:149:13)
    at Route.dispatch (C:\Users\satar\.gemini\antigravity\scratch\clipmind-ai\backend\node_modules\express\lib\router\route.js:119:3)
    at Layer.handle [as handle_request] (C:\Users\satar\.gemini\antigravity\scratch\clipmind-ai\backend\node_modules\express\lib\router\layer.js:95:5)
    at C:\Users\satar\.gemini\antigravity\scratch\clipmind-ai\backend\node_modules\express\lib\router\index.js:284:15
    at Function.process_params (C:\Users\satar\.gemini\antigravity\scratch\clipmind-ai\backend\node_modules\express\lib\router\index.js:346:12)
[2026-08-06 17:53:07] [31merror[39m: 401 - Token has expired. - /api/analytics/overview - GET
[2026-08-06 17:53:07] [31merror[39m: TokenExpiredError: jwt expired
    at C:\Users\satar\.gemini\antigravity\scratch\clipmind-ai\backend\node_modules\jsonwebtoken\verify.js:190:21
    at getSecret (C:\Users\satar\.gemini\antigravity\scratch\clipmind-ai\backend\node_modules\jsonwebtoken\verify.js:97:14)
    at module.exports [as verify] (C:\Users\satar\.gemini\antigravity\scratch\clipmind-ai\backend\node_modules\jsonwebtoken\verify.js:101:10)
    at authenticate (C:\Users\satar\.gemini\antigravity\scratch\clipmind-ai\backend\src\middleware\auth.middleware.js:15:25)
    at Layer.handle [as handle_request] (C:\Users\satar\.gemini\antigravity\scratch\clipmind-ai\backend\node_modules\express\lib\router\layer.js:95:5)
    at next (C:\Users\satar\.gemini\antigravity\scratch\clipmind-ai\backend\node_modules\express\lib\router\route.js:149:13)
    at Route.dispatch (C:\Users\satar\.gemini\antigravity\scratch\clipmind-ai\backend\node_modules\express\lib\router\route.js:119:3)
    at Layer.handle [as handle_request] (C:\Users\satar\.gemini\antigravity\scratch\clipmind-ai\backend\node_modules\express\lib\router\layer.js:95:5)
    at C:\Users\satar\.gemini\antigravity\scratch\clipmind-ai\backend\node_modules\express\lib\router\index.js:284:15
    at Function.process_params (C:\Users\satar\.gemini\antigravity\scratch\clipmind-ai\backend\node_modules\express\lib\router\index.js:346:12)
[2026-08-06 17:53:07] [31merror[39m: 401 - Token has expired. - /api/analytics/content-insights - GET
[2026-08-06 17:53:07] [31merror[39m: TokenExpiredError: jwt expired
    at C:\Users\satar\.gemini\antigravity\scratch\clipmind-ai\backend\node_modules\jsonwebtoken\verify.js:190:21
    at getSecret (C:\Users\satar\.gemini\antigravity\scratch\clipmind-ai\backend\node_modules\jsonwebtoken\verify.js:97:14)
    at module.exports [as verify] (C:\Users\satar\.gemini\antigravity\scratch\clipmind-ai\backend\node_modules\jsonwebtoken\verify.js:101:10)
    at authenticate (C:\Users\satar\.gemini\antigravity\scratch\clipmind-ai\backend\src\middleware\auth.middleware.js:15:25)
    at Layer.handle [as handle_request] (C:\Users\satar\.gemini\antigravity\scratch\clipmind-ai\backend\node_modules\express\lib\router\layer.js:95:5)
    at next (C:\Users\satar\.gemini\antigravity\scratch\clipmind-ai\backend\node_modules\express\lib\router\route.js:149:13)
    at Route.dispatch (C:\Users\satar\.gemini\antigravity\scratch\clipmind-ai\backend\node_modules\express\lib\router\route.js:119:3)
    at Layer.handle [as handle_request] (C:\Users\satar\.gemini\antigravity\scratch\clipmind-ai\backend\node_modules\express\lib\router\layer.js:95:5)
    at C:\Users\satar\.gemini\antigravity\scratch\clipmind-ai\backend\node_modules\express\lib\router\index.js:284:15
    at Function.process_params (C:\Users\satar\.gemini\antigravity\scratch\clipmind-ai\backend\node_modules\express\lib\router\index.js:346:12)
[2026-08-06 17:53:07] [31merror[39m: 401 - Token has expired. - /api/analytics/videos - GET
[2026-08-06 17:53:07] [31merror[39m: TokenExpiredError: jwt expired
    at C:\Users\satar\.gemini\antigravity\scratch\clipmind-ai\backend\node_modules\jsonwebtoken\verify.js:190:21
    at getSecret (C:\Users\satar\.gemini\antigravity\scratch\clipmind-ai\backend\node_modules\jsonwebtoken\verify.js:97:14)
    at module.exports [as verify] (C:\Users\satar\.gemini\antigravity\scratch\clipmind-ai\backend\node_modules\jsonwebtoken\verify.js:101:10)
    at authenticate (C:\Users\satar\.gemini\antigravity\scratch\clipmind-ai\backend\src\middleware\auth.middleware.js:15:25)
    at Layer.handle [as handle_request] (C:\Users\satar\.gemini\antigravity\scratch\clipmind-ai\backend\node_modules\express\lib\router\layer.js:95:5)
    at next (C:\Users\satar\.gemini\antigravity\scratch\clipmind-ai\backend\node_modules\express\lib\router\route.js:149:13)
    at Route.dispatch (C:\Users\satar\.gemini\antigravity\scratch\clipmind-ai\backend\node_modules\express\lib\router\route.js:119:3)
    at Layer.handle [as handle_request] (C:\Users\satar\.gemini\antigravity\scratch\clipmind-ai\backend\node_modules\express\lib\router\layer.js:95:5)
    at C:\Users\satar\.gemini\antigravity\scratch\clipmind-ai\backend\node_modules\express\lib\router\index.js:284:15
    at Function.process_params (C:\Users\satar\.gemini\antigravity\scratch\clipmind-ai\backend\node_modules\express\lib\router\index.js:346:12)
[2026-08-06 17:53:07] [31merror[39m: 401 - Token has expired. - /api/videos/e48e8a7e-6003-4764-9663-584857486673 - GET
[2026-08-06 17:53:07] [31merror[39m: TokenExpiredError: jwt expired
    at C:\Users\satar\.gemini\antigravity\scratch\clipmind-ai\backend\node_modules\jsonwebtoken\verify.js:190:21
    at getSecret (C:\Users\satar\.gemini\antigravity\scratch\clipmind-ai\backend\node_modules\jsonwebtoken\verify.js:97:14)
    at module.exports [as verify] (C:\Users\satar\.gemini\antigravity\scratch\clipmind-ai\backend\node_modules\jsonwebtoken\verify.js:101:10)
    at authenticate (C:\Users\satar\.gemini\antigravity\scratch\clipmind-ai\backend\src\middleware\auth.middleware.js:15:25)
    at Layer.handle [as handle_request] (C:\Users\satar\.gemini\antigravity\scratch\clipmind-ai\backend\node_modules\express\lib\router\layer.js:95:5)
    at next (C:\Users\satar\.gemini\antigravity\scratch\clipmind-ai\backend\node_modules\express\lib\router\route.js:149:13)
    at Route.dispatch (C:\Users\satar\.gemini\antigravity\scratch\clipmind-ai\backend\node_modules\express\lib\router\route.js:119:3)
    at Layer.handle [as handle_request] (C:\Users\satar\.gemini\antigravity\scratch\clipmind-ai\backend\node_modules\express\lib\router\layer.js:95:5)
    at C:\Users\satar\.gemini\antigravity\scratch\clipmind-ai\backend\node_modules\express\lib\router\index.js:284:15
    at param (C:\Users\satar\.gemini\antigravity\scratch\clipmind-ai\backend\node_modules\express\lib\router\index.js:365:14)
[2026-08-06 17:53:07] [31merror[39m: 401 - Token has expired. - /api/analytics/overview - GET
[2026-08-06 17:53:07] [31merror[39m: TokenExpiredError: jwt expired
    at C:\Users\satar\.gemini\antigravity\scratch\clipmind-ai\backend\node_modules\jsonwebtoken\verify.js:190:21
    at getSecret (C:\Users\satar\.gemini\antigravity\scratch\clipmind-ai\backend\node_modules\jsonwebtoken\verify.js:97:14)
    at module.exports [as verify] (C:\Users\satar\.gemini\antigravity\scratch\clipmind-ai\backend\node_modules\jsonwebtoken\verify.js:101:10)
    at authenticate (C:\Users\satar\.gemini\antigravity\scratch\clipmind-ai\backend\src\middleware\auth.middleware.js:15:25)
    at Layer.handle [as handle_request] (C:\Users\satar\.gemini\antigravity\scratch\clipmind-ai\backend\node_modules\express\lib\router\layer.js:95:5)
    at next (C:\Users\satar\.gemini\antigravity\scratch\clipmind-ai\backend\node_modules\express\lib\router\route.js:149:13)
    at Route.dispatch (C:\Users\satar\.gemini\antigravity\scratch\clipmind-ai\backend\node_modules\express\lib\router\route.js:119:3)
    at Layer.handle [as handle_request] (C:\Users\satar\.gemini\antigravity\scratch\clipmind-ai\backend\node_modules\express\lib\router\layer.js:95:5)
    at C:\Users\satar\.gemini\antigravity\scratch\clipmind-ai\backend\node_modules\express\lib\router\index.js:284:15
    at Function.process_params (C:\Users\satar\.gemini\antigravity\scratch\clipmind-ai\backend\node_modules\express\lib\router\index.js:346:12)
[2026-08-06 17:53:07] [31merror[39m: 401 - Token has expired. - /api/analytics/content-insights - GET
[2026-08-06 17:53:07] [31merror[39m: TokenExpiredError: jwt expired
    at C:\Users\satar\.gemini\antigravity\scratch\clipmind-ai\backend\node_modules\jsonwebtoken\verify.js:190:21
    at getSecret (C:\Users\satar\.gemini\antigravity\scratch\clipmind-ai\backend\node_modules\jsonwebtoken\verify.js:97:14)
    at module.exports [as verify] (C:\Users\satar\.gemini\antigravity\scratch\clipmind-ai\backend\node_modules\jsonwebtoken\verify.js:101:10)
    at authenticate (C:\Users\satar\.gemini\antigravity\scratch\clipmind-ai\backend\src\middleware\auth.middleware.js:15:25)
    at Layer.handle [as handle_request] (C:\Users\satar\.gemini\antigravity\scratch\clipmind-ai\backend\node_modules\express\lib\router\layer.js:95:5)
    at next (C:\Users\satar\.gemini\antigravity\scratch\clipmind-ai\backend\node_modules\express\lib\router\route.js:149:13)
    at Route.dispatch (C:\Users\satar\.gemini\antigravity\scratch\clipmind-ai\backend\node_modules\express\lib\router\route.js:119:3)
    at Layer.handle [as handle_request] (C:\Users\satar\.gemini\antigravity\scratch\clipmind-ai\backend\node_modules\express\lib\router\layer.js:95:5)
    at C:\Users\satar\.gemini\antigravity\scratch\clipmind-ai\backend\node_modules\express\lib\router\index.js:284:15
    at Function.process_params (C:\Users\satar\.gemini\antigravity\scratch\clipmind-ai\backend\node_modules\express\lib\router\index.js:346:12)
[2026-08-06 17:53:07] [31merror[39m: 401 - Token has expired. - /api/analytics/videos - GET
[2026-08-06 17:53:07] [31merror[39m: TokenExpiredError: jwt expired
    at C:\Users\satar\.gemini\antigravity\scratch\clipmind-ai\backend\node_modules\jsonwebtoken\verify.js:190:21
    at getSecret (C:\Users\satar\.gemini\antigravity\scratch\clipmind-ai\backend\node_modules\jsonwebtoken\verify.js:97:14)
    at module.exports [as verify] (C:\Users\satar\.gemini\antigravity\scratch\clipmind-ai\backend\node_modules\jsonwebtoken\verify.js:101:10)
    at authenticate (C:\Users\satar\.gemini\antigravity\scratch\clipmind-ai\backend\src\middleware\auth.middleware.js:15:25)
    at Layer.handle [as handle_request] (C:\Users\satar\.gemini\antigravity\scratch\clipmind-ai\backend\node_modules\express\lib\router\layer.js:95:5)
    at next (C:\Users\satar\.gemini\antigravity\scratch\clipmind-ai\backend\node_modules\express\lib\router\route.js:149:13)
    at Route.dispatch (C:\Users\satar\.gemini\antigravity\scratch\clipmind-ai\backend\node_modules\express\lib\router\route.js:119:3)
    at Layer.handle [as handle_request] (C:\Users\satar\.gemini\antigravity\scratch\clipmind-ai\backend\node_modules\express\lib\router\layer.js:95:5)
    at C:\Users\satar\.gemini\antigravity\scratch\clipmind-ai\backend\node_modules\express\lib\router\index.js:284:15
    at Function.process_params (C:\Users\satar\.gemini\antigravity\scratch\clipmind-ai\backend\node_modules\express\lib\router\index.js:346:12)
[2026-08-06 17:53:07] [31merror[39m: 401 - Token has expired. - /api/videos/e48e8a7e-6003-4764-9663-584857486673 - GET
[2026-08-06 17:53:07] [31merror[39m: TokenExpiredError: jwt expired
    at C:\Users\satar\.gemini\antigravity\scratch\clipmind-ai\backend\node_modules\jsonwebtoken\verify.js:190:21
    at getSecret (C:\Users\satar\.gemini\antigravity\scratch\clipmind-ai\backend\node_modules\jsonwebtoken\verify.js:97:14)
    at module.exports [as verify] (C:\Users\satar\.gemini\antigravity\scratch\clipmind-ai\backend\node_modules\jsonwebtoken\verify.js:101:10)
    at authenticate (C:\Users\satar\.gemini\antigravity\scratch\clipmind-ai\backend\src\middleware\auth.middleware.js:15:25)
    at Layer.handle [as handle_request] (C:\Users\satar\.gemini\antigravity\scratch\clipmind-ai\backend\node_modules\express\lib\router\layer.js:95:5)
    at next (C:\Users\satar\.gemini\antigravity\scratch\clipmind-ai\backend\node_modules\express\lib\router\route.js:149:13)
    at Route.dispatch (C:\Users\satar\.gemini\antigravity\scratch\clipmind-ai\backend\node_modules\express\lib\router\route.js:119:3)
    at Layer.handle [as handle_request] (C:\Users\satar\.gemini\antigravity\scratch\clipmind-ai\backend\node_modules\express\lib\router\layer.js:95:5)
    at C:\Users\satar\.gemini\antigravity\scratch\clipmind-ai\backend\node_modules\express\lib\router\index.js:284:15
    at param (C:\Users\satar\.gemini\antigravity\scratch\clipmind-ai\backend\node_modules\express\lib\router\index.js:365:14)
[2026-08-06 17:53:07] [31merror[39m: 401 - Token has expired. - /api/analytics/overview - GET
[2026-08-06 17:53:07] [31merror[39m: TokenExpiredError: jwt expired
    at C:\Users\satar\.gemini\antigravity\scratch\clipmind-ai\backend\node_modules\jsonwebtoken\verify.js:190:21
    at getSecret (C:\Users\satar\.gemini\antigravity\scratch\clipmind-ai\backend\node_modules\jsonwebtoken\verify.js:97:14)
    at module.exports [as verify] (C:\Users\satar\.gemini\antigravity\scratch\clipmind-ai\backend\node_modules\jsonwebtoken\verify.js:101:10)
    at authenticate (C:\Users\satar\.gemini\antigravity\scratch\clipmind-ai\backend\src\middleware\auth.middleware.js:15:25)
    at Layer.handle [as handle_request] (C:\Users\satar\.gemini\antigravity\scratch\clipmind-ai\backend\node_modules\express\lib\router\layer.js:95:5)
    at next (C:\Users\satar\.gemini\antigravity\scratch\clipmind-ai\backend\node_modules\express\lib\router\route.js:149:13)
    at Route.dispatch (C:\Users\satar\.gemini\antigravity\scratch\clipmind-ai\backend\node_modules\express\lib\router\route.js:119:3)
    at Layer.handle [as handle_request] (C:\Users\satar\.gemini\antigravity\scratch\clipmind-ai\backend\node_modules\express\lib\router\layer.js:95:5)
    at C:\Users\satar\.gemini\antigravity\scratch\clipmind-ai\backend\node_modules\express\lib\router\index.js:284:15
    at Function.process_params (C:\Users\satar\.gemini\antigravity\scratch\clipmind-ai\backend\node_modules\express\lib\router\index.js:346:12)
[2026-08-06 17:53:07] [31merror[39m: 401 - Token has expired. - /api/analytics/content-insights - GET
[2026-08-06 17:53:07] [31merror[39m: TokenExpiredError: jwt expired
    at C:\Users\satar\.gemini\antigravity\scratch\clipmind-ai\backend\node_modules\jsonwebtoken\verify.js:190:21
    at getSecret (C:\Users\satar\.gemini\antigravity\scratch\clipmind-ai\backend\node_modules\jsonwebtoken\verify.js:97:14)
    at module.exports [as verify] (C:\Users\satar\.gemini\antigravity\scratch\clipmind-ai\backend\node_modules\jsonwebtoken\verify.js:101:10)
    at authenticate (C:\Users\satar\.gemini\antigravity\scratch\clipmind-ai\backend\src\middleware\auth.middleware.js:15:25)
    at Layer.handle [as handle_request] (C:\Users\satar\.gemini\antigravity\scratch\clipmind-ai\backend\node_modules\express\lib\router\layer.js:95:5)
    at next (C:\Users\satar\.gemini\antigravity\scratch\clipmind-ai\backend\node_modules\express\lib\router\route.js:149:13)
    at Route.dispatch (C:\Users\satar\.gemini\antigravity\scratch\clipmind-ai\backend\node_modules\express\lib\router\route.js:119:3)
    at Layer.handle [as handle_request] (C:\Users\satar\.gemini\antigravity\scratch\clipmind-ai\backend\node_modules\express\lib\router\layer.js:95:5)
    at C:\Users\satar\.gemini\antigravity\scratch\clipmind-ai\backend\node_modules\express\lib\router\index.js:284:15
    at Function.process_params (C:\Users\satar\.gemini\antigravity\scratch\clipmind-ai\backend\node_modules\express\lib\router\index.js:346:12)
[2026-08-06 17:53:07] [31merror[39m: 401 - Token has expired. - /api/analytics/videos - GET
[2026-08-06 17:53:07] [31merror[39m: TokenExpiredError: jwt expired
    at C:\Users\satar\.gemini\antigravity\scratch\clipmind-ai\backend\node_modules\jsonwebtoken\verify.js:190:21
    at getSecret (C:\Users\satar\.gemini\antigravity\scratch\clipmind-ai\backend\node_modules\jsonwebtoken\verify.js:97:14)
    at module.exports [as verify] (C:\Users\satar\.gemini\antigravity\scratch\clipmind-ai\backend\node_modules\jsonwebtoken\verify.js:101:10)
    at authenticate (C:\Users\satar\.gemini\antigravity\scratch\clipmind-ai\backend\src\middleware\auth.middleware.js:15:25)
    at Layer.handle [as handle_request] (C:\Users\satar\.gemini\antigravity\scratch\clipmind-ai\backend\node_modules\express\lib\router\layer.js:95:5)
    at next (C:\Users\satar\.gemini\antigravity\scratch\clipmind-ai\backend\node_modules\express\lib\router\route.js:149:13)
    at Route.dispatch (C:\Users\satar\.gemini\antigravity\scratch\clipmind-ai\backend\node_modules\express\lib\router\route.js:119:3)
    at Layer.handle [as handle_request] (C:\Users\satar\.gemini\antigravity\scratch\clipmind-ai\backend\node_modules\express\lib\router\layer.js:95:5)
    at C:\Users\satar\.gemini\antigravity\scratch\clipmind-ai\backend\node_modules\express\lib\router\index.js:284:15
    at Function.process_params (C:\Users\satar\.gemini\antigravity\scratch\clipmind-ai\backend\node_modules\express\lib\router\index.js:346:12)
[2026-08-06 17:53:07] [31merror[39m: 401 - Token has expired. - /api/analytics/overview - GET
[2026-08-06 17:53:07] [31merror[39m: TokenExpiredError: jwt expired
    at C:\Users\satar\.gemini\antigravity\scratch\clipmind-ai\backend\node_modules\jsonwebtoken\verify.js:190:21
    at getSecret (C:\Users\satar\.gemini\antigravity\scratch\clipmind-ai\backend\node_modules\jsonwebtoken\verify.js:97:14)
    at module.exports [as verify] (C:\Users\satar\.gemini\antigravity\scratch\clipmind-ai\backend\node_modules\jsonwebtoken\verify.js:101:10)
    at authenticate (C:\Users\satar\.gemini\antigravity\scratch\clipmind-ai\backend\src\middleware\auth.middleware.js:15:25)
    at Layer.handle [as handle_request] (C:\Users\satar\.gemini\antigravity\scratch\clipmind-ai\backend\node_modules\express\lib\router\layer.js:95:5)
    at next (C:\Users\satar\.gemini\antigravity\scratch\clipmind-ai\backend\node_modules\express\lib\router\route.js:149:13)
    at Route.dispatch (C:\Users\satar\.gemini\antigravity\scratch\clipmind-ai\backend\node_modules\express\lib\router\route.js:119:3)
    at Layer.handle [as handle_request] (C:\Users\satar\.gemini\antigravity\scratch\clipmind-ai\backend\node_modules\express\lib\router\layer.js:95:5)
    at C:\Users\satar\.gemini\antigravity\scratch\clipmind-ai\backend\node_modules\express\lib\router\index.js:284:15
    at Function.process_params (C:\Users\satar\.gemini\antigravity\scratch\clipmind-ai\backend\node_modules\express\lib\router\index.js:346:12)
[2026-08-06 17:53:07] [31merror[39m: 401 - Token has expired. - /api/analytics/overview - GET
[2026-08-06 17:53:07] [31merror[39m: TokenExpiredError: jwt expired
    at C:\Users\satar\.gemini\antigravity\scratch\clipmind-ai\backend\node_modules\jsonwebtoken\verify.js:190:21
    at getSecret (C:\Users\satar\.gemini\antigravity\scratch\clipmind-ai\backend\node_modules\jsonwebtoken\verify.js:97:14)
    at module.exports [as verify] (C:\Users\satar\.gemini\antigravity\scratch\clipmind-ai\backend\node_modules\jsonwebtoken\verify.js:101:10)
    at authenticate (C:\Users\satar\.gemini\antigravity\scratch\clipmind-ai\backend\src\middleware\auth.middleware.js:15:25)
    at Layer.handle [as handle_request] (C:\Users\satar\.gemini\antigravity\scratch\clipmind-ai\backend\node_modules\express\lib\router\layer.js:95:5)
    at next (C:\Users\satar\.gemini\antigravity\scratch\clipmind-ai\backend\node_modules\express\lib\router\route.js:149:13)
    at Route.dispatch (C:\Users\satar\.gemini\antigravity\scratch\clipmind-ai\backend\node_modules\express\lib\router\route.js:119:3)
    at Layer.handle [as handle_request] (C:\Users\satar\.gemini\antigravity\scratch\clipmind-ai\backend\node_modules\express\lib\router\layer.js:95:5)
    at C:\Users\satar\.gemini\antigravity\scratch\clipmind-ai\backend\node_modules\express\lib\router\index.js:284:15
    at Function.process_params (C:\Users\satar\.gemini\antigravity\scratch\clipmind-ai\backend\node_modules\express\lib\router\index.js:346:12)
[2026-08-06 17:53:07] [31merror[39m: 401 - Token has expired. - /api/analytics/content-insights - GET
[2026-08-06 17:53:07] [31merror[39m: TokenExpiredError: jwt expired
    at C:\Users\satar\.gemini\antigravity\scratch\clipmind-ai\backend\node_modules\jsonwebtoken\verify.js:190:21
    at getSecret (C:\Users\satar\.gemini\antigravity\scratch\clipmind-ai\backend\node_modules\jsonwebtoken\verify.js:97:14)
    at module.exports [as verify] (C:\Users\satar\.gemini\antigravity\scratch\clipmind-ai\backend\node_modules\jsonwebtoken\verify.js:101:10)
    at authenticate (C:\Users\satar\.gemini\antigravity\scratch\clipmind-ai\backend\src\middleware\auth.middleware.js:15:25)
    at Layer.handle [as handle_request] (C:\Users\satar\.gemini\antigravity\scratch\clipmind-ai\backend\node_modules\express\lib\router\layer.js:95:5)
    at next (C:\Users\satar\.gemini\antigravity\scratch\clipmind-ai\backend\node_modules\express\lib\router\route.js:149:13)
    at Route.dispatch (C:\Users\satar\.gemini\antigravity\scratch\clipmind-ai\backend\node_modules\express\lib\router\route.js:119:3)
    at Layer.handle [as handle_request] (C:\Users\satar\.gemini\antigravity\scratch\clipmind-ai\backend\node_modules\express\lib\router\layer.js:95:5)
    at C:\Users\satar\.gemini\antigravity\scratch\clipmind-ai\backend\node_modules\express\lib\router\index.js:284:15
    at Function.process_params (C:\Users\satar\.gemini\antigravity\scratch\clipmind-ai\backend\node_modules\express\lib\router\index.js:346:12)
[2026-08-06 17:53:07] [31merror[39m: 401 - Token has expired. - /api/analytics/videos - GET
[2026-08-06 17:53:07] [31merror[39m: TokenExpiredError: jwt expired
    at C:\Users\satar\.gemini\antigravity\scratch\clipmind-ai\backend\node_modules\jsonwebtoken\verify.js:190:21
    at getSecret (C:\Users\satar\.gemini\antigravity\scratch\clipmind-ai\backend\node_modules\jsonwebtoken\verify.js:97:14)
    at module.exports [as verify] (C:\Users\satar\.gemini\antigravity\scratch\clipmind-ai\backend\node_modules\jsonwebtoken\verify.js:101:10)
    at authenticate (C:\Users\satar\.gemini\antigravity\scratch\clipmind-ai\backend\src\middleware\auth.middleware.js:15:25)
    at Layer.handle [as handle_request] (C:\Users\satar\.gemini\antigravity\scratch\clipmind-ai\backend\node_modules\express\lib\router\layer.js:95:5)
    at next (C:\Users\satar\.gemini\antigravity\scratch\clipmind-ai\backend\node_modules\express\lib\router\route.js:149:13)
    at Route.dispatch (C:\Users\satar\.gemini\antigravity\scratch\clipmind-ai\backend\node_modules\express\lib\router\route.js:119:3)
    at Layer.handle [as handle_request] (C:\Users\satar\.gemini\antigravity\scratch\clipmind-ai\backend\node_modules\express\lib\router\layer.js:95:5)
    at C:\Users\satar\.gemini\antigravity\scratch\clipmind-ai\backend\node_modules\express\lib\router\index.js:284:15
    at Function.process_params (C:\Users\satar\.gemini\antigravity\scratch\clipmind-ai\backend\node_modules\express\lib\router\index.js:346:12)
[2026-08-06 17:53:07] [31merror[39m: 401 - Token has expired. - /api/analytics/overview - GET
[2026-08-06 17:53:07] [31merror[39m: TokenExpiredError: jwt expired
    at C:\Users\satar\.gemini\antigravity\scratch\clipmind-ai\backend\node_modules\jsonwebtoken\verify.js:190:21
    at getSecret (C:\Users\satar\.gemini\antigravity\scratch\clipmind-ai\backend\node_modules\jsonwebtoken\verify.js:97:14)
    at module.exports [as verify] (C:\Users\satar\.gemini\antigravity\scratch\clipmind-ai\backend\node_modules\jsonwebtoken\verify.js:101:10)
    at authenticate (C:\Users\satar\.gemini\antigravity\scratch\clipmind-ai\backend\src\middleware\auth.middleware.js:15:25)
    at Layer.handle [as handle_request] (C:\Users\satar\.gemini\antigravity\scratch\clipmind-ai\backend\node_modules\express\lib\router\layer.js:95:5)
    at next (C:\Users\satar\.gemini\antigravity\scratch\clipmind-ai\backend\node_modules\express\lib\router\route.js:149:13)
    at Route.dispatch (C:\Users\satar\.gemini\antigravity\scratch\clipmind-ai\backend\node_modules\express\lib\router\route.js:119:3)
    at Layer.handle [as handle_request] (C:\Users\satar\.gemini\antigravity\scratch\clipmind-ai\backend\node_modules\express\lib\router\layer.js:95:5)
    at C:\Users\satar\.gemini\antigravity\scratch\clipmind-ai\backend\node_modules\express\lib\router\index.js:284:15
    at Function.process_params (C:\Users\satar\.gemini\antigravity\scratch\clipmind-ai\backend\node_modules\express\lib\router\index.js:346:12)
[2026-08-06 17:53:07] [31merror[39m: 401 - Token has expired. - /api/analytics/content-insights - GET
[2026-08-06 17:53:07] [31merror[39m: TokenExpiredError: jwt expired
    at C:\Users\satar\.gemini\antigravity\scratch\clipmind-ai\backend\node_modules\jsonwebtoken\verify.js:190:21
    at getSecret (C:\Users\satar\.gemini\antigravity\scratch\clipmind-ai\backend\node_modules\jsonwebtoken\verify.js:97:14)
    at module.exports [as verify] (C:\Users\satar\.gemini\antigravity\scratch\clipmind-ai\backend\node_modules\jsonwebtoken\verify.js:101:10)
    at authenticate (C:\Users\satar\.gemini\antigravity\scratch\clipmind-ai\backend\src\middleware\auth.middleware.js:15:25)
    at Layer.handle [as handle_request] (C:\Users\satar\.gemini\antigravity\scratch\clipmind-ai\backend\node_modules\express\lib\router\layer.js:95:5)
    at next (C:\Users\satar\.gemini\antigravity\scratch\clipmind-ai\backend\node_modules\express\lib\router\route.js:149:13)
    at Route.dispatch (C:\Users\satar\.gemini\antigravity\scratch\clipmind-ai\backend\node_modules\express\lib\router\route.js:119:3)
    at Layer.handle [as handle_request] (C:\Users\satar\.gemini\antigravity\scratch\clipmind-ai\backend\node_modules\express\lib\router\layer.js:95:5)
    at C:\Users\satar\.gemini\antigravity\scratch\clipmind-ai\backend\node_modules\express\lib\router\index.js:284:15
    at Function.process_params (C:\Users\satar\.gemini\antigravity\scratch\clipmind-ai\backend\node_modules\express\lib\router\index.js:346:12)
[2026-08-06 17:53:07] [31merror[39m: 401 - Token has expired. - /api/analytics/videos - GET
[2026-08-06 17:53:07] [31merror[39m: TokenExpiredError: jwt expired
    at C:\Users\satar\.gemini\antigravity\scratch\clipmind-ai\backend\node_modules\jsonwebtoken\verify.js:190:21
    at getSecret (C:\Users\satar\.gemini\antigravity\scratch\clipmind-ai\backend\node_modules\jsonwebtoken\verify.js:97:14)
    at module.exports [as verify] (C:\Users\satar\.gemini\antigravity\scratch\clipmind-ai\backend\node_modules\jsonwebtoken\verify.js:101:10)
    at authenticate (C:\Users\satar\.gemini\antigravity\scratch\clipmind-ai\backend\src\middleware\auth.middleware.js:15:25)
    at Layer.handle [as handle_request] (C:\Users\satar\.gemini\antigravity\scratch\clipmind-ai\backend\node_modules\express\lib\router\layer.js:95:5)
    at next (C:\Users\satar\.gemini\antigravity\scratch\clipmind-ai\backend\node_modules\express\lib\router\route.js:149:13)
    at Route.dispatch (C:\Users\satar\.gemini\antigravity\scratch\clipmind-ai\backend\node_modules\express\lib\router\route.js:119:3)
    at Layer.handle [as handle_request] (C:\Users\satar\.gemini\antigravity\scratch\clipmind-ai\backend\node_modules\express\lib\router\layer.js:95:5)
    at C:\Users\satar\.gemini\antigravity\scratch\clipmind-ai\backend\node_modules\express\lib\router\index.js:284:15
    at Function.process_params (C:\Users\satar\.gemini\antigravity\scratch\clipmind-ai\backend\node_modules\express\lib\router\index.js:346:12)
[2026-08-06 17:53:07] [31merror[39m: 401 - Token has expired. - /api/analytics/overview - GET
[2026-08-06 17:53:07] [31merror[39m: TokenExpiredError: jwt expired
    at C:\Users\satar\.gemini\antigravity\scratch\clipmind-ai\backend\node_modules\jsonwebtoken\verify.js:190:21
    at getSecret (C:\Users\satar\.gemini\antigravity\scratch\clipmind-ai\backend\node_modules\jsonwebtoken\verify.js:97:14)
    at module.exports [as verify] (C:\Users\satar\.gemini\antigravity\scratch\clipmind-ai\backend\node_modules\jsonwebtoken\verify.js:101:10)
    at authenticate (C:\Users\satar\.gemini\antigravity\scratch\clipmind-ai\backend\src\middleware\auth.middleware.js:15:25)
    at Layer.handle [as handle_request] (C:\Users\satar\.gemini\antigravity\scratch\clipmind-ai\backend\node_modules\express\lib\router\layer.js:95:5)
    at next (C:\Users\satar\.gemini\antigravity\scratch\clipmind-ai\backend\node_modules\express\lib\router\route.js:149:13)
    at Route.dispatch (C:\Users\satar\.gemini\antigravity\scratch\clipmind-ai\backend\node_modules\express\lib\router\route.js:119:3)
    at Layer.handle [as handle_request] (C:\Users\satar\.gemini\antigravity\scratch\clipmind-ai\backend\node_modules\express\lib\router\layer.js:95:5)
    at C:\Users\satar\.gemini\antigravity\scratch\clipmind-ai\backend\node_modules\express\lib\router\index.js:284:15
    at Function.process_params (C:\Users\satar\.gemini\antigravity\scratch\clipmind-ai\backend\node_modules\express\lib\router\index.js:346:12)
[2026-08-06 17:55:37] [31merror[39m: 422 - Could not read real duration from video file. Make sure FFmpeg is installed. - /api/videos/c8b95287-f576-4fcc-a7b5-79d4f28a4315/fix-timestamps - POST
[2026-08-06 17:55:37] [31merror[39m: Error: Could not read real duration from video file. Make sure FFmpeg is installed.
    at createError (C:\Users\satar\.gemini\antigravity\scratch\clipmind-ai\backend\src\middleware\error.middleware.js:42:17)
    at C:\Users\satar\.gemini\antigravity\scratch\clipmind-ai\backend\src\routes\video.routes.js:66:17
[2026-08-10 19:45:46] [31merror[39m: 401 - Token has expired. - /api/analytics/overview - GET
[2026-08-10 19:45:46] [31merror[39m: TokenExpiredError: jwt expired
    at C:\Users\satar\.gemini\antigravity\scratch\clipmind-ai\backend\node_modules\jsonwebtoken\verify.js:190:21
    at getSecret (C:\Users\satar\.gemini\antigravity\scratch\clipmind-ai\backend\node_modules\jsonwebtoken\verify.js:97:14)
    at module.exports [as verify] (C:\Users\satar\.gemini\antigravity\scratch\clipmind-ai\backend\node_modules\jsonwebtoken\verify.js:101:10)
    at authenticate (C:\Users\satar\.gemini\antigravity\scratch\clipmind-ai\backend\src\middleware\auth.middleware.js:15:25)
    at Layer.handle [as handle_request] (C:\Users\satar\.gemini\antigravity\scratch\clipmind-ai\backend\node_modules\express\lib\router\layer.js:95:5)
    at next (C:\Users\satar\.gemini\antigravity\scratch\clipmind-ai\backend\node_modules\express\lib\router\route.js:149:13)
    at Route.dispatch (C:\Users\satar\.gemini\antigravity\scratch\clipmind-ai\backend\node_modules\express\lib\router\route.js:119:3)
    at Layer.handle [as handle_request] (C:\Users\satar\.gemini\antigravity\scratch\clipmind-ai\backend\node_modules\express\lib\router\layer.js:95:5)
    at C:\Users\satar\.gemini\antigravity\scratch\clipmind-ai\backend\node_modules\express\lib\router\index.js:284:15
    at Function.process_params (C:\Users\satar\.gemini\antigravity\scratch\clipmind-ai\backend\node_modules\express\lib\router\index.js:346:12)
[2026-08-10 19:45:46] [31merror[39m: 401 - Token has expired. - /api/analytics/content-insights - GET
[2026-08-10 19:45:46] [31merror[39m: TokenExpiredError: jwt expired
    at C:\Users\satar\.gemini\antigravity\scratch\clipmind-ai\backend\node_modules\jsonwebtoken\verify.js:190:21
    at getSecret (C:\Users\satar\.gemini\antigravity\scratch\clipmind-ai\backend\node_modules\jsonwebtoken\verify.js:97:14)
    at module.exports [as verify] (C:\Users\satar\.gemini\antigravity\scratch\clipmind-ai\backend\node_modules\jsonwebtoken\verify.js:101:10)
    at authenticate (C:\Users\satar\.gemini\antigravity\scratch\clipmind-ai\backend\src\middleware\auth.middleware.js:15:25)
    at Layer.handle [as handle_request] (C:\Users\satar\.gemini\antigravity\scratch\clipmind-ai\backend\node_modules\express\lib\router\layer.js:95:5)
    at next (C:\Users\satar\.gemini\antigravity\scratch\clipmind-ai\backend\node_modules\express\lib\router\route.js:149:13)
    at Route.dispatch (C:\Users\satar\.gemini\antigravity\scratch\clipmind-ai\backend\node_modules\express\lib\router\route.js:119:3)
    at Layer.handle [as handle_request] (C:\Users\satar\.gemini\antigravity\scratch\clipmind-ai\backend\node_modules\express\lib\router\layer.js:95:5)
    at C:\Users\satar\.gemini\antigravity\scratch\clipmind-ai\backend\node_modules\express\lib\router\index.js:284:15
    at Function.process_params (C:\Users\satar\.gemini\antigravity\scratch\clipmind-ai\backend\node_modules\express\lib\router\index.js:346:12)
[2026-08-10 19:45:46] [31merror[39m: 401 - Token has expired. - /api/analytics/videos - GET
[2026-08-10 19:45:46] [31merror[39m: TokenExpiredError: jwt expired
    at C:\Users\satar\.gemini\antigravity\scratch\clipmind-ai\backend\node_modules\jsonwebtoken\verify.js:190:21
    at getSecret (C:\Users\satar\.gemini\antigravity\scratch\clipmind-ai\backend\node_modules\jsonwebtoken\verify.js:97:14)
    at module.exports [as verify] (C:\Users\satar\.gemini\antigravity\scratch\clipmind-ai\backend\node_modules\jsonwebtoken\verify.js:101:10)
    at authenticate (C:\Users\satar\.gemini\antigravity\scratch\clipmind-ai\backend\src\middleware\auth.middleware.js:15:25)
    at Layer.handle [as handle_request] (C:\Users\satar\.gemini\antigravity\scratch\clipmind-ai\backend\node_modules\express\lib\router\layer.js:95:5)
    at next (C:\Users\satar\.gemini\antigravity\scratch\clipmind-ai\backend\node_modules\express\lib\router\route.js:149:13)
    at Route.dispatch (C:\Users\satar\.gemini\antigravity\scratch\clipmind-ai\backend\node_modules\express\lib\router\route.js:119:3)
    at Layer.handle [as handle_request] (C:\Users\satar\.gemini\antigravity\scratch\clipmind-ai\backend\node_modules\express\lib\router\layer.js:95:5)
    at C:\Users\satar\.gemini\antigravity\scratch\clipmind-ai\backend\node_modules\express\lib\router\index.js:284:15
    at Function.process_params (C:\Users\satar\.gemini\antigravity\scratch\clipmind-ai\backend\node_modules\express\lib\router\index.js:346:12)
[2026-08-10 19:45:46] [31merror[39m: 401 - Token has expired. - /api/analytics/overview - GET
[2026-08-10 19:45:46] [31merror[39m: TokenExpiredError: jwt expired
    at C:\Users\satar\.gemini\antigravity\scratch\clipmind-ai\backend\node_modules\jsonwebtoken\verify.js:190:21
    at getSecret (C:\Users\satar\.gemini\antigravity\scratch\clipmind-ai\backend\node_modules\jsonwebtoken\verify.js:97:14)
    at module.exports [as verify] (C:\Users\satar\.gemini\antigravity\scratch\clipmind-ai\backend\node_modules\jsonwebtoken\verify.js:101:10)
    at authenticate (C:\Users\satar\.gemini\antigravity\scratch\clipmind-ai\backend\src\middleware\auth.middleware.js:15:25)
    at Layer.handle [as handle_request] (C:\Users\satar\.gemini\antigravity\scratch\clipmind-ai\backend\node_modules\express\lib\router\layer.js:95:5)
    at next (C:\Users\satar\.gemini\antigravity\scratch\clipmind-ai\backend\node_modules\express\lib\router\route.js:149:13)
    at Route.dispatch (C:\Users\satar\.gemini\antigravity\scratch\clipmind-ai\backend\node_modules\express\lib\router\route.js:119:3)
    at Layer.handle [as handle_request] (C:\Users\satar\.gemini\antigravity\scratch\clipmind-ai\backend\node_modules\express\lib\router\layer.js:95:5)
    at C:\Users\satar\.gemini\antigravity\scratch\clipmind-ai\backend\node_modules\express\lib\router\index.js:284:15
    at Function.process_params (C:\Users\satar\.gemini\antigravity\scratch\clipmind-ai\backend\node_modules\express\lib\router\index.js:346:12)
[2026-08-10 19:45:46] [31merror[39m: 401 - Token has expired. - /api/analytics/content-insights - GET
[2026-08-10 19:45:46] [31merror[39m: TokenExpiredError: jwt expired
    at C:\Users\satar\.gemini\antigravity\scratch\clipmind-ai\backend\node_modules\jsonwebtoken\verify.js:190:21
    at getSecret (C:\Users\satar\.gemini\antigravity\scratch\clipmind-ai\backend\node_modules\jsonwebtoken\verify.js:97:14)
    at module.exports [as verify] (C:\Users\satar\.gemini\antigravity\scratch\clipmind-ai\backend\node_modules\jsonwebtoken\verify.js:101:10)
    at authenticate (C:\Users\satar\.gemini\antigravity\scratch\clipmind-ai\backend\src\middleware\auth.middleware.js:15:25)
    at Layer.handle [as handle_request] (C:\Users\satar\.gemini\antigravity\scratch\clipmind-ai\backend\node_modules\express\lib\router\layer.js:95:5)
    at next (C:\Users\satar\.gemini\antigravity\scratch\clipmind-ai\backend\node_modules\express\lib\router\route.js:149:13)
    at Route.dispatch (C:\Users\satar\.gemini\antigravity\scratch\clipmind-ai\backend\node_modules\express\lib\router\route.js:119:3)
    at Layer.handle [as handle_request] (C:\Users\satar\.gemini\antigravity\scratch\clipmind-ai\backend\node_modules\express\lib\router\layer.js:95:5)
    at C:\Users\satar\.gemini\antigravity\scratch\clipmind-ai\backend\node_modules\express\lib\router\index.js:284:15
    at Function.process_params (C:\Users\satar\.gemini\antigravity\scratch\clipmind-ai\backend\node_modules\express\lib\router\index.js:346:12)
[2026-08-10 19:45:46] [31merror[39m: 401 - Token has expired. - /api/analytics/videos - GET
[2026-08-10 19:45:46] [31merror[39m: TokenExpiredError: jwt expired
    at C:\Users\satar\.gemini\antigravity\scratch\clipmind-ai\backend\node_modules\jsonwebtoken\verify.js:190:21
    at getSecret (C:\Users\satar\.gemini\antigravity\scratch\clipmind-ai\backend\node_modules\jsonwebtoken\verify.js:97:14)
    at module.exports [as verify] (C:\Users\satar\.gemini\antigravity\scratch\clipmind-ai\backend\node_modules\jsonwebtoken\verify.js:101:10)
    at authenticate (C:\Users\satar\.gemini\antigravity\scratch\clipmind-ai\backend\src\middleware\auth.middleware.js:15:25)
    at Layer.handle [as handle_request] (C:\Users\satar\.gemini\antigravity\scratch\clipmind-ai\backend\node_modules\express\lib\router\layer.js:95:5)
    at next (C:\Users\satar\.gemini\antigravity\scratch\clipmind-ai\backend\node_modules\express\lib\router\route.js:149:13)
    at Route.dispatch (C:\Users\satar\.gemini\antigravity\scratch\clipmind-ai\backend\node_modules\express\lib\router\route.js:119:3)
    at Layer.handle [as handle_request] (C:\Users\satar\.gemini\antigravity\scratch\clipmind-ai\backend\node_modules\express\lib\router\layer.js:95:5)
    at C:\Users\satar\.gemini\antigravity\scratch\clipmind-ai\backend\node_modules\express\lib\router\index.js:284:15
    at Function.process_params (C:\Users\satar\.gemini\antigravity\scratch\clipmind-ai\backend\node_modules\express\lib\router\index.js:346:12)
[2026-08-10 20:07:07] [31merror[39m: 401 - Token has expired. - /api/analytics/overview - GET
[2026-08-10 20:07:07] [31merror[39m: TokenExpiredError: jwt expired
    at C:\Users\satar\.gemini\antigravity\scratch\clipmind-ai\backend\node_modules\jsonwebtoken\verify.js:190:21
    at getSecret (C:\Users\satar\.gemini\antigravity\scratch\clipmind-ai\backend\node_modules\jsonwebtoken\verify.js:97:14)
    at module.exports [as verify] (C:\Users\satar\.gemini\antigravity\scratch\clipmind-ai\backend\node_modules\jsonwebtoken\verify.js:101:10)
    at authenticate (C:\Users\satar\.gemini\antigravity\scratch\clipmind-ai\backend\src\middleware\auth.middleware.js:15:25)
    at Layer.handle [as handle_request] (C:\Users\satar\.gemini\antigravity\scratch\clipmind-ai\backend\node_modules\express\lib\router\layer.js:95:5)
    at next (C:\Users\satar\.gemini\antigravity\scratch\clipmind-ai\backend\node_modules\express\lib\router\route.js:149:13)
    at Route.dispatch (C:\Users\satar\.gemini\antigravity\scratch\clipmind-ai\backend\node_modules\express\lib\router\route.js:119:3)
    at Layer.handle [as handle_request] (C:\Users\satar\.gemini\antigravity\scratch\clipmind-ai\backend\node_modules\express\lib\router\layer.js:95:5)
    at C:\Users\satar\.gemini\antigravity\scratch\clipmind-ai\backend\node_modules\express\lib\router\index.js:284:15
    at Function.process_params (C:\Users\satar\.gemini\antigravity\scratch\clipmind-ai\backend\node_modules\express\lib\router\index.js:346:12)
[2026-08-10 20:07:07] [31merror[39m: 401 - Token has expired. - /api/analytics/content-insights - GET
[2026-08-10 20:07:07] [31merror[39m: TokenExpiredError: jwt expired
    at C:\Users\satar\.gemini\antigravity\scratch\clipmind-ai\backend\node_modules\jsonwebtoken\verify.js:190:21
    at getSecret (C:\Users\satar\.gemini\antigravity\scratch\clipmind-ai\backend\node_modules\jsonwebtoken\verify.js:97:14)
    at module.exports [as verify] (C:\Users\satar\.gemini\antigravity\scratch\clipmind-ai\backend\node_modules\jsonwebtoken\verify.js:101:10)
    at authenticate (C:\Users\satar\.gemini\antigravity\scratch\clipmind-ai\backend\src\middleware\auth.middleware.js:15:25)
    at Layer.handle [as handle_request] (C:\Users\satar\.gemini\antigravity\scratch\clipmind-ai\backend\node_modules\express\lib\router\layer.js:95:5)
    at next (C:\Users\satar\.gemini\antigravity\scratch\clipmind-ai\backend\node_modules\express\lib\router\route.js:149:13)
    at Route.dispatch (C:\Users\satar\.gemini\antigravity\scratch\clipmind-ai\backend\node_modules\express\lib\router\route.js:119:3)
    at Layer.handle [as handle_request] (C:\Users\satar\.gemini\antigravity\scratch\clipmind-ai\backend\node_modules\express\lib\router\layer.js:95:5)
    at C:\Users\satar\.gemini\antigravity\scratch\clipmind-ai\backend\node_modules\express\lib\router\index.js:284:15
    at Function.process_params (C:\Users\satar\.gemini\antigravity\scratch\clipmind-ai\backend\node_modules\express\lib\router\index.js:346:12)
[2026-08-10 20:07:07] [31merror[39m: 401 - Token has expired. - /api/analytics/videos - GET
[2026-08-10 20:07:07] [31merror[39m: TokenExpiredError: jwt expired
    at C:\Users\satar\.gemini\antigravity\scratch\clipmind-ai\backend\node_modules\jsonwebtoken\verify.js:190:21
    at getSecret (C:\Users\satar\.gemini\antigravity\scratch\clipmind-ai\backend\node_modules\jsonwebtoken\verify.js:97:14)
    at module.exports [as verify] (C:\Users\satar\.gemini\antigravity\scratch\clipmind-ai\backend\node_modules\jsonwebtoken\verify.js:101:10)
    at authenticate (C:\Users\satar\.gemini\antigravity\scratch\clipmind-ai\backend\src\middleware\auth.middleware.js:15:25)
    at Layer.handle [as handle_request] (C:\Users\satar\.gemini\antigravity\scratch\clipmind-ai\backend\node_modules\express\lib\router\layer.js:95:5)
    at next (C:\Users\satar\.gemini\antigravity\scratch\clipmind-ai\backend\node_modules\express\lib\router\route.js:149:13)
    at Route.dispatch (C:\Users\satar\.gemini\antigravity\scratch\clipmind-ai\backend\node_modules\express\lib\router\route.js:119:3)
    at Layer.handle [as handle_request] (C:\Users\satar\.gemini\antigravity\scratch\clipmind-ai\backend\node_modules\express\lib\router\layer.js:95:5)
    at C:\Users\satar\.gemini\antigravity\scratch\clipmind-ai\backend\node_modules\express\lib\router\index.js:284:15
    at Function.process_params (C:\Users\satar\.gemini\antigravity\scratch\clipmind-ai\backend\node_modules\express\lib\router\index.js:346:12)
[2026-08-10 20:07:07] [31merror[39m: 401 - Token has expired. - /api/analytics/content-insights - GET
[2026-08-10 20:07:07] [31merror[39m: TokenExpiredError: jwt expired
    at C:\Users\satar\.gemini\antigravity\scratch\clipmind-ai\backend\node_modules\jsonwebtoken\verify.js:190:21
    at getSecret (C:\Users\satar\.gemini\antigravity\scratch\clipmind-ai\backend\node_modules\jsonwebtoken\verify.js:97:14)
    at module.exports [as verify] (C:\Users\satar\.gemini\antigravity\scratch\clipmind-ai\backend\node_modules\jsonwebtoken\verify.js:101:10)
    at authenticate (C:\Users\satar\.gemini\antigravity\scratch\clipmind-ai\backend\src\middleware\auth.middleware.js:15:25)
    at Layer.handle [as handle_request] (C:\Users\satar\.gemini\antigravity\scratch\clipmind-ai\backend\node_modules\express\lib\router\layer.js:95:5)
    at next (C:\Users\satar\.gemini\antigravity\scratch\clipmind-ai\backend\node_modules\express\lib\router\route.js:149:13)
    at Route.dispatch (C:\Users\satar\.gemini\antigravity\scratch\clipmind-ai\backend\node_modules\express\lib\router\route.js:119:3)
    at Layer.handle [as handle_request] (C:\Users\satar\.gemini\antigravity\scratch\clipmind-ai\backend\node_modules\express\lib\router\layer.js:95:5)
    at C:\Users\satar\.gemini\antigravity\scratch\clipmind-ai\backend\node_modules\express\lib\router\index.js:284:15
    at Function.process_params (C:\Users\satar\.gemini\antigravity\scratch\clipmind-ai\backend\node_modules\express\lib\router\index.js:346:12)
[2026-08-10 20:07:07] [31merror[39m: 401 - Token has expired. - /api/analytics/overview - GET
[2026-08-10 20:07:07] [31merror[39m: TokenExpiredError: jwt expired
    at C:\Users\satar\.gemini\antigravity\scratch\clipmind-ai\backend\node_modules\jsonwebtoken\verify.js:190:21
    at getSecret (C:\Users\satar\.gemini\antigravity\scratch\clipmind-ai\backend\node_modules\jsonwebtoken\verify.js:97:14)
    at module.exports [as verify] (C:\Users\satar\.gemini\antigravity\scratch\clipmind-ai\backend\node_modules\jsonwebtoken\verify.js:101:10)
    at authenticate (C:\Users\satar\.gemini\antigravity\scratch\clipmind-ai\backend\src\middleware\auth.middleware.js:15:25)
    at Layer.handle [as handle_request] (C:\Users\satar\.gemini\antigravity\scratch\clipmind-ai\backend\node_modules\express\lib\router\layer.js:95:5)
    at next (C:\Users\satar\.gemini\antigravity\scratch\clipmind-ai\backend\node_modules\express\lib\router\route.js:149:13)
    at Route.dispatch (C:\Users\satar\.gemini\antigravity\scratch\clipmind-ai\backend\node_modules\express\lib\router\route.js:119:3)
    at Layer.handle [as handle_request] (C:\Users\satar\.gemini\antigravity\scratch\clipmind-ai\backend\node_modules\express\lib\router\layer.js:95:5)
    at C:\Users\satar\.gemini\antigravity\scratch\clipmind-ai\backend\node_modules\express\lib\router\index.js:284:15
    at Function.process_params (C:\Users\satar\.gemini\antigravity\scratch\clipmind-ai\backend\node_modules\express\lib\router\index.js:346:12)
[2026-08-10 20:07:07] [31merror[39m: 401 - Token has expired. - /api/analytics/videos - GET
[2026-08-10 20:07:07] [31merror[39m: TokenExpiredError: jwt expired
    at C:\Users\satar\.gemini\antigravity\scratch\clipmind-ai\backend\node_modules\jsonwebtoken\verify.js:190:21
    at getSecret (C:\Users\satar\.gemini\antigravity\scratch\clipmind-ai\backend\node_modules\jsonwebtoken\verify.js:97:14)
    at module.exports [as verify] (C:\Users\satar\.gemini\antigravity\scratch\clipmind-ai\backend\node_modules\jsonwebtoken\verify.js:101:10)
    at authenticate (C:\Users\satar\.gemini\antigravity\scratch\clipmind-ai\backend\src\middleware\auth.middleware.js:15:25)
    at Layer.handle [as handle_request] (C:\Users\satar\.gemini\antigravity\scratch\clipmind-ai\backend\node_modules\express\lib\router\layer.js:95:5)
    at next (C:\Users\satar\.gemini\antigravity\scratch\clipmind-ai\backend\node_modules\express\lib\router\route.js:149:13)
    at Route.dispatch (C:\Users\satar\.gemini\antigravity\scratch\clipmind-ai\backend\node_modules\express\lib\router\route.js:119:3)
    at Layer.handle [as handle_request] (C:\Users\satar\.gemini\antigravity\scratch\clipmind-ai\backend\node_modules\express\lib\router\layer.js:95:5)
    at C:\Users\satar\.gemini\antigravity\scratch\clipmind-ai\backend\node_modules\express\lib\router\index.js:284:15
    at Function.process_params (C:\Users\satar\.gemini\antigravity\scratch\clipmind-ai\backend\node_modules\express\lib\router\index.js:346:12)
[2026-08-10 20:38:09] [31merror[39m: 401 - Token has expired. - /api/analytics/overview - GET
[2026-08-10 20:38:09] [31merror[39m: TokenExpiredError: jwt expired
    at C:\Users\satar\.gemini\antigravity\scratch\clipmind-ai\backend\node_modules\jsonwebtoken\verify.js:190:21
    at getSecret (C:\Users\satar\.gemini\antigravity\scratch\clipmind-ai\backend\node_modules\jsonwebtoken\verify.js:97:14)
    at module.exports [as verify] (C:\Users\satar\.gemini\antigravity\scratch\clipmind-ai\backend\node_modules\jsonwebtoken\verify.js:101:10)
    at authenticate (C:\Users\satar\.gemini\antigravity\scratch\clipmind-ai\backend\src\middleware\auth.middleware.js:15:25)
    at Layer.handle [as handle_request] (C:\Users\satar\.gemini\antigravity\scratch\clipmind-ai\backend\node_modules\express\lib\router\layer.js:95:5)
    at next (C:\Users\satar\.gemini\antigravity\scratch\clipmind-ai\backend\node_modules\express\lib\router\route.js:149:13)
    at Route.dispatch (C:\Users\satar\.gemini\antigravity\scratch\clipmind-ai\backend\node_modules\express\lib\router\route.js:119:3)
    at Layer.handle [as handle_request] (C:\Users\satar\.gemini\antigravity\scratch\clipmind-ai\backend\node_modules\express\lib\router\layer.js:95:5)
    at C:\Users\satar\.gemini\antigravity\scratch\clipmind-ai\backend\node_modules\express\lib\router\index.js:284:15
    at Function.process_params (C:\Users\satar\.gemini\antigravity\scratch\clipmind-ai\backend\node_modules\express\lib\router\index.js:346:12)
[2026-08-10 20:38:09] [31merror[39m: 401 - Token has expired. - /api/analytics/content-insights - GET
[2026-08-10 20:38:09] [31merror[39m: TokenExpiredError: jwt expired
    at C:\Users\satar\.gemini\antigravity\scratch\clipmind-ai\backend\node_modules\jsonwebtoken\verify.js:190:21
    at getSecret (C:\Users\satar\.gemini\antigravity\scratch\clipmind-ai\backend\node_modules\jsonwebtoken\verify.js:97:14)
    at module.exports [as verify] (C:\Users\satar\.gemini\antigravity\scratch\clipmind-ai\backend\node_modules\jsonwebtoken\verify.js:101:10)
    at authenticate (C:\Users\satar\.gemini\antigravity\scratch\clipmind-ai\backend\src\middleware\auth.middleware.js:15:25)
    at Layer.handle [as handle_request] (C:\Users\satar\.gemini\antigravity\scratch\clipmind-ai\backend\node_modules\express\lib\router\layer.js:95:5)
    at next (C:\Users\satar\.gemini\antigravity\scratch\clipmind-ai\backend\node_modules\express\lib\router\route.js:149:13)
    at Route.dispatch (C:\Users\satar\.gemini\antigravity\scratch\clipmind-ai\backend\node_modules\express\lib\router\route.js:119:3)
    at Layer.handle [as handle_request] (C:\Users\satar\.gemini\antigravity\scratch\clipmind-ai\backend\node_modules\express\lib\router\layer.js:95:5)
    at C:\Users\satar\.gemini\antigravity\scratch\clipmind-ai\backend\node_modules\express\lib\router\index.js:284:15
    at Function.process_params (C:\Users\satar\.gemini\antigravity\scratch\clipmind-ai\backend\node_modules\express\lib\router\index.js:346:12)
[2026-08-10 20:38:09] [31merror[39m: 401 - Token has expired. - /api/analytics/videos - GET
[2026-08-10 20:38:09] [31merror[39m: TokenExpiredError: jwt expired
    at C:\Users\satar\.gemini\antigravity\scratch\clipmind-ai\backend\node_modules\jsonwebtoken\verify.js:190:21
    at getSecret (C:\Users\satar\.gemini\antigravity\scratch\clipmind-ai\backend\node_modules\jsonwebtoken\verify.js:97:14)
    at module.exports [as verify] (C:\Users\satar\.gemini\antigravity\scratch\clipmind-ai\backend\node_modules\jsonwebtoken\verify.js:101:10)
    at authenticate (C:\Users\satar\.gemini\antigravity\scratch\clipmind-ai\backend\src\middleware\auth.middleware.js:15:25)
    at Layer.handle [as handle_request] (C:\Users\satar\.gemini\antigravity\scratch\clipmind-ai\backend\node_modules\express\lib\router\layer.js:95:5)
    at next (C:\Users\satar\.gemini\antigravity\scratch\clipmind-ai\backend\node_modules\express\lib\router\route.js:149:13)
    at Route.dispatch (C:\Users\satar\.gemini\antigravity\scratch\clipmind-ai\backend\node_modules\express\lib\router\route.js:119:3)
    at Layer.handle [as handle_request] (C:\Users\satar\.gemini\antigravity\scratch\clipmind-ai\backend\node_modules\express\lib\router\layer.js:95:5)
    at C:\Users\satar\.gemini\antigravity\scratch\clipmind-ai\backend\node_modules\express\lib\router\index.js:284:15
    at Function.process_params (C:\Users\satar\.gemini\antigravity\scratch\clipmind-ai\backend\node_modules\express\lib\router\index.js:346:12)
[2026-08-10 20:38:09] [31merror[39m: 401 - Token has expired. - /api/analytics/overview - GET
[2026-08-10 20:38:09] [31merror[39m: TokenExpiredError: jwt expired
    at C:\Users\satar\.gemini\antigravity\scratch\clipmind-ai\backend\node_modules\jsonwebtoken\verify.js:190:21
    at getSecret (C:\Users\satar\.gemini\antigravity\scratch\clipmind-ai\backend\node_modules\jsonwebtoken\verify.js:97:14)
    at module.exports [as verify] (C:\Users\satar\.gemini\antigravity\scratch\clipmind-ai\backend\node_modules\jsonwebtoken\verify.js:101:10)
    at authenticate (C:\Users\satar\.gemini\antigravity\scratch\clipmind-ai\backend\src\middleware\auth.middleware.js:15:25)
    at Layer.handle [as handle_request] (C:\Users\satar\.gemini\antigravity\scratch\clipmind-ai\backend\node_modules\express\lib\router\layer.js:95:5)
    at next (C:\Users\satar\.gemini\antigravity\scratch\clipmind-ai\backend\node_modules\express\lib\router\route.js:149:13)
    at Route.dispatch (C:\Users\satar\.gemini\antigravity\scratch\clipmind-ai\backend\node_modules\express\lib\router\route.js:119:3)
    at Layer.handle [as handle_request] (C:\Users\satar\.gemini\antigravity\scratch\clipmind-ai\backend\node_modules\express\lib\router\layer.js:95:5)
    at C:\Users\satar\.gemini\antigravity\scratch\clipmind-ai\backend\node_modules\express\lib\router\index.js:284:15
    at Function.process_params (C:\Users\satar\.gemini\antigravity\scratch\clipmind-ai\backend\node_modules\express\lib\router\index.js:346:12)
[2026-08-10 20:38:09] [31merror[39m: 401 - Token has expired. - /api/analytics/content-insights - GET
[2026-08-10 20:38:09] [31merror[39m: TokenExpiredError: jwt expired
    at C:\Users\satar\.gemini\antigravity\scratch\clipmind-ai\backend\node_modules\jsonwebtoken\verify.js:190:21
    at getSecret (C:\Users\satar\.gemini\antigravity\scratch\clipmind-ai\backend\node_modules\jsonwebtoken\verify.js:97:14)
    at module.exports [as verify] (C:\Users\satar\.gemini\antigravity\scratch\clipmind-ai\backend\node_modules\jsonwebtoken\verify.js:101:10)
    at authenticate (C:\Users\satar\.gemini\antigravity\scratch\clipmind-ai\backend\src\middleware\auth.middleware.js:15:25)
    at Layer.handle [as handle_request] (C:\Users\satar\.gemini\antigravity\scratch\clipmind-ai\backend\node_modules\express\lib\router\layer.js:95:5)
    at next (C:\Users\satar\.gemini\antigravity\scratch\clipmind-ai\backend\node_modules\express\lib\router\route.js:149:13)
    at Route.dispatch (C:\Users\satar\.gemini\antigravity\scratch\clipmind-ai\backend\node_modules\express\lib\router\route.js:119:3)
    at Layer.handle [as handle_request] (C:\Users\satar\.gemini\antigravity\scratch\clipmind-ai\backend\node_modules\express\lib\router\layer.js:95:5)
    at C:\Users\satar\.gemini\antigravity\scratch\clipmind-ai\backend\node_modules\express\lib\router\index.js:284:15
    at Function.process_params (C:\Users\satar\.gemini\antigravity\scratch\clipmind-ai\backend\node_modules\express\lib\router\index.js:346:12)
[2026-08-10 20:38:09] [31merror[39m: 401 - Token has expired. - /api/analytics/videos - GET
[2026-08-10 20:38:09] [31merror[39m: TokenExpiredError: jwt expired
    at C:\Users\satar\.gemini\antigravity\scratch\clipmind-ai\backend\node_modules\jsonwebtoken\verify.js:190:21
    at getSecret (C:\Users\satar\.gemini\antigravity\scratch\clipmind-ai\backend\node_modules\jsonwebtoken\verify.js:97:14)
    at module.exports [as verify] (C:\Users\satar\.gemini\antigravity\scratch\clipmind-ai\backend\node_modules\jsonwebtoken\verify.js:101:10)
    at authenticate (C:\Users\satar\.gemini\antigravity\scratch\clipmind-ai\backend\src\middleware\auth.middleware.js:15:25)
    at Layer.handle [as handle_request] (C:\Users\satar\.gemini\antigravity\scratch\clipmind-ai\backend\node_modules\express\lib\router\layer.js:95:5)
    at next (C:\Users\satar\.gemini\antigravity\scratch\clipmind-ai\backend\node_modules\express\lib\router\route.js:149:13)
    at Route.dispatch (C:\Users\satar\.gemini\antigravity\scratch\clipmind-ai\backend\node_modules\express\lib\router\route.js:119:3)
    at Layer.handle [as handle_request] (C:\Users\satar\.gemini\antigravity\scratch\clipmind-ai\backend\node_modules\express\lib\router\layer.js:95:5)
    at C:\Users\satar\.gemini\antigravity\scratch\clipmind-ai\backend\node_modules\express\lib\router\index.js:284:15
    at Function.process_params (C:\Users\satar\.gemini\antigravity\scratch\clipmind-ai\backend\node_modules\express\lib\router\index.js:346:12)
[2026-08-17 20:36:16] [31merror[39m: 422 - Could not read real duration from video file. Make sure FFmpeg is installed. - /api/videos/e2ebb9f6-9a78-4151-92f1-f7f37232a1e1/fix-timestamps - POST
[2026-08-17 20:36:16] [31merror[39m: Error: Could not read real duration from video file. Make sure FFmpeg is installed.
    at createError (C:\Users\satar\.gemini\antigravity\scratch\clipmind-ai\backend\src\middleware\error.middleware.js:42:17)
    at C:\Users\satar\.gemini\antigravity\scratch\clipmind-ai\backend\src\routes\video.routes.js:66:17
[2026-08-17 20:57:13] [31merror[39m: 401 - Token has expired. - /api/classroom/overview - GET
[2026-08-17 20:57:13] [31merror[39m: TokenExpiredError: jwt expired
    at C:\Users\satar\.gemini\antigravity\scratch\clipmind-ai\backend\node_modules\jsonwebtoken\verify.js:190:21
    at getSecret (C:\Users\satar\.gemini\antigravity\scratch\clipmind-ai\backend\node_modules\jsonwebtoken\verify.js:97:14)
    at module.exports [as verify] (C:\Users\satar\.gemini\antigravity\scratch\clipmind-ai\backend\node_modules\jsonwebtoken\verify.js:101:10)
    at authenticate (C:\Users\satar\.gemini\antigravity\scratch\clipmind-ai\backend\src\middleware\auth.middleware.js:15:25)
    at Layer.handle [as handle_request] (C:\Users\satar\.gemini\antigravity\scratch\clipmind-ai\backend\node_modules\express\lib\router\layer.js:95:5)
    at next (C:\Users\satar\.gemini\antigravity\scratch\clipmind-ai\backend\node_modules\express\lib\router\route.js:149:13)
    at Route.dispatch (C:\Users\satar\.gemini\antigravity\scratch\clipmind-ai\backend\node_modules\express\lib\router\route.js:119:3)
    at Layer.handle [as handle_request] (C:\Users\satar\.gemini\antigravity\scratch\clipmind-ai\backend\node_modules\express\lib\router\layer.js:95:5)
    at C:\Users\satar\.gemini\antigravity\scratch\clipmind-ai\backend\node_modules\express\lib\router\index.js:284:15
    at Function.process_params (C:\Users\satar\.gemini\antigravity\scratch\clipmind-ai\backend\node_modules\express\lib\router\index.js:346:12)
[2026-08-17 20:57:13] [31merror[39m: 401 - Token has expired. - /api/classroom/analytics - GET
[2026-08-17 20:57:13] [31merror[39m: TokenExpiredError: jwt expired
    at C:\Users\satar\.gemini\antigravity\scratch\clipmind-ai\backend\node_modules\jsonwebtoken\verify.js:190:21
    at getSecret (C:\Users\satar\.gemini\antigravity\scratch\clipmind-ai\backend\node_modules\jsonwebtoken\verify.js:97:14)
    at module.exports [as verify] (C:\Users\satar\.gemini\antigravity\scratch\clipmind-ai\backend\node_modules\jsonwebtoken\verify.js:101:10)
    at authenticate (C:\Users\satar\.gemini\antigravity\scratch\clipmind-ai\backend\src\middleware\auth.middleware.js:15:25)
    at Layer.handle [as handle_request] (C:\Users\satar\.gemini\antigravity\scratch\clipmind-ai\backend\node_modules\express\lib\router\layer.js:95:5)
    at next (C:\Users\satar\.gemini\antigravity\scratch\clipmind-ai\backend\node_modules\express\lib\router\route.js:149:13)
    at Route.dispatch (C:\Users\satar\.gemini\antigravity\scratch\clipmind-ai\backend\node_modules\express\lib\router\route.js:119:3)
    at Layer.handle [as handle_request] (C:\Users\satar\.gemini\antigravity\scratch\clipmind-ai\backend\node_modules\express\lib\router\layer.js:95:5)
    at C:\Users\satar\.gemini\antigravity\scratch\clipmind-ai\backend\node_modules\express\lib\router\index.js:284:15
    at Function.process_params (C:\Users\satar\.gemini\antigravity\scratch\clipmind-ai\backend\node_modules\express\lib\router\index.js:346:12)
[2026-08-17 20:57:13] [31merror[39m: 401 - Token has expired. - /api/classroom/engagement - GET
[2026-08-17 20:57:13] [31merror[39m: TokenExpiredError: jwt expired
    at C:\Users\satar\.gemini\antigravity\scratch\clipmind-ai\backend\node_modules\jsonwebtoken\verify.js:190:21
    at getSecret (C:\Users\satar\.gemini\antigravity\scratch\clipmind-ai\backend\node_modules\jsonwebtoken\verify.js:97:14)
    at module.exports [as verify] (C:\Users\satar\.gemini\antigravity\scratch\clipmind-ai\backend\node_modules\jsonwebtoken\verify.js:101:10)
    at authenticate (C:\Users\satar\.gemini\antigravity\scratch\clipmind-ai\backend\src\middleware\auth.middleware.js:15:25)
    at Layer.handle [as handle_request] (C:\Users\satar\.gemini\antigravity\scratch\clipmind-ai\backend\node_modules\express\lib\router\layer.js:95:5)
    at next (C:\Users\satar\.gemini\antigravity\scratch\clipmind-ai\backend\node_modules\express\lib\router\route.js:149:13)
    at Route.dispatch (C:\Users\satar\.gemini\antigravity\scratch\clipmind-ai\backend\node_modules\express\lib\router\route.js:119:3)
    at Layer.handle [as handle_request] (C:\Users\satar\.gemini\antigravity\scratch\clipmind-ai\backend\node_modules\express\lib\router\layer.js:95:5)
    at C:\Users\satar\.gemini\antigravity\scratch\clipmind-ai\backend\node_modules\express\lib\router\index.js:284:15
    at Function.process_params (C:\Users\satar\.gemini\antigravity\scratch\clipmind-ai\backend\node_modules\express\lib\router\index.js:346:12)
[2026-08-17 20:57:13] [31merror[39m: 401 - Token has expired. - /api/classroom/activity-feed - GET
[2026-08-17 20:57:13] [31merror[39m: TokenExpiredError: jwt expired
    at C:\Users\satar\.gemini\antigravity\scratch\clipmind-ai\backend\node_modules\jsonwebtoken\verify.js:190:21
    at getSecret (C:\Users\satar\.gemini\antigravity\scratch\clipmind-ai\backend\node_modules\jsonwebtoken\verify.js:97:14)
    at module.exports [as verify] (C:\Users\satar\.gemini\antigravity\scratch\clipmind-ai\backend\node_modules\jsonwebtoken\verify.js:101:10)
    at authenticate (C:\Users\satar\.gemini\antigravity\scratch\clipmind-ai\backend\src\middleware\auth.middleware.js:15:25)
    at Layer.handle [as handle_request] (C:\Users\satar\.gemini\antigravity\scratch\clipmind-ai\backend\node_modules\express\lib\router\layer.js:95:5)
    at next (C:\Users\satar\.gemini\antigravity\scratch\clipmind-ai\backend\node_modules\express\lib\router\route.js:149:13)
    at Route.dispatch (C:\Users\satar\.gemini\antigravity\scratch\clipmind-ai\backend\node_modules\express\lib\router\route.js:119:3)
    at Layer.handle [as handle_request] (C:\Users\satar\.gemini\antigravity\scratch\clipmind-ai\backend\node_modules\express\lib\router\layer.js:95:5)
    at C:\Users\satar\.gemini\antigravity\scratch\clipmind-ai\backend\node_modules\express\lib\router\index.js:284:15
    at Function.process_params (C:\Users\satar\.gemini\antigravity\scratch\clipmind-ai\backend\node_modules\express\lib\router\index.js:346:12)
[2026-08-17 20:57:13] [31merror[39m: 401 - Token has expired. - /api/classroom/analytics - GET
[2026-08-17 20:57:13] [31merror[39m: TokenExpiredError: jwt expired
    at C:\Users\satar\.gemini\antigravity\scratch\clipmind-ai\backend\node_modules\jsonwebtoken\verify.js:190:21
    at getSecret (C:\Users\satar\.gemini\antigravity\scratch\clipmind-ai\backend\node_modules\jsonwebtoken\verify.js:97:14)
    at module.exports [as verify] (C:\Users\satar\.gemini\antigravity\scratch\clipmind-ai\backend\node_modules\jsonwebtoken\verify.js:101:10)
    at authenticate (C:\Users\satar\.gemini\antigravity\scratch\clipmind-ai\backend\src\middleware\auth.middleware.js:15:25)
    at Layer.handle [as handle_request] (C:\Users\satar\.gemini\antigravity\scratch\clipmind-ai\backend\node_modules\express\lib\router\layer.js:95:5)
    at next (C:\Users\satar\.gemini\antigravity\scratch\clipmind-ai\backend\node_modules\express\lib\router\route.js:149:13)
    at Route.dispatch (C:\Users\satar\.gemini\antigravity\scratch\clipmind-ai\backend\node_modules\express\lib\router\route.js:119:3)
    at Layer.handle [as handle_request] (C:\Users\satar\.gemini\antigravity\scratch\clipmind-ai\backend\node_modules\express\lib\router\layer.js:95:5)
    at C:\Users\satar\.gemini\antigravity\scratch\clipmind-ai\backend\node_modules\express\lib\router\index.js:284:15
    at Function.process_params (C:\Users\satar\.gemini\antigravity\scratch\clipmind-ai\backend\node_modules\express\lib\router\index.js:346:12)
[2026-08-17 20:57:13] [31merror[39m: 401 - Token has expired. - /api/classroom/overview - GET
[2026-08-17 20:57:13] [31merror[39m: TokenExpiredError: jwt expired
    at C:\Users\satar\.gemini\antigravity\scratch\clipmind-ai\backend\node_modules\jsonwebtoken\verify.js:190:21
    at getSecret (C:\Users\satar\.gemini\antigravity\scratch\clipmind-ai\backend\node_modules\jsonwebtoken\verify.js:97:14)
    at module.exports [as verify] (C:\Users\satar\.gemini\antigravity\scratch\clipmind-ai\backend\node_modules\jsonwebtoken\verify.js:101:10)
    at authenticate (C:\Users\satar\.gemini\antigravity\scratch\clipmind-ai\backend\src\middleware\auth.middleware.js:15:25)
    at Layer.handle [as handle_request] (C:\Users\satar\.gemini\antigravity\scratch\clipmind-ai\backend\node_modules\express\lib\router\layer.js:95:5)
    at next (C:\Users\satar\.gemini\antigravity\scratch\clipmind-ai\backend\node_modules\express\lib\router\route.js:149:13)
    at Route.dispatch (C:\Users\satar\.gemini\antigravity\scratch\clipmind-ai\backend\node_modules\express\lib\router\route.js:119:3)
    at Layer.handle [as handle_request] (C:\Users\satar\.gemini\antigravity\scratch\clipmind-ai\backend\node_modules\express\lib\router\layer.js:95:5)
    at C:\Users\satar\.gemini\antigravity\scratch\clipmind-ai\backend\node_modules\express\lib\router\index.js:284:15
    at Function.process_params (C:\Users\satar\.gemini\antigravity\scratch\clipmind-ai\backend\node_modules\express\lib\router\index.js:346:12)
[2026-08-17 20:57:13] [31merror[39m: 401 - Token has expired. - /api/classroom/engagement - GET
[2026-08-17 20:57:13] [31merror[39m: TokenExpiredError: jwt expired
    at C:\Users\satar\.gemini\antigravity\scratch\clipmind-ai\backend\node_modules\jsonwebtoken\verify.js:190:21
    at getSecret (C:\Users\satar\.gemini\antigravity\scratch\clipmind-ai\backend\node_modules\jsonwebtoken\verify.js:97:14)
    at module.exports [as verify] (C:\Users\satar\.gemini\antigravity\scratch\clipmind-ai\backend\node_modules\jsonwebtoken\verify.js:101:10)
    at authenticate (C:\Users\satar\.gemini\antigravity\scratch\clipmind-ai\backend\src\middleware\auth.middleware.js:15:25)
    at Layer.handle [as handle_request] (C:\Users\satar\.gemini\antigravity\scratch\clipmind-ai\backend\node_modules\express\lib\router\layer.js:95:5)
    at next (C:\Users\satar\.gemini\antigravity\scratch\clipmind-ai\backend\node_modules\express\lib\router\route.js:149:13)
    at Route.dispatch (C:\Users\satar\.gemini\antigravity\scratch\clipmind-ai\backend\node_modules\express\lib\router\route.js:119:3)
    at Layer.handle [as handle_request] (C:\Users\satar\.gemini\antigravity\scratch\clipmind-ai\backend\node_modules\express\lib\router\layer.js:95:5)
    at C:\Users\satar\.gemini\antigravity\scratch\clipmind-ai\backend\node_modules\express\lib\router\index.js:284:15
    at Function.process_params (C:\Users\satar\.gemini\antigravity\scratch\clipmind-ai\backend\node_modules\express\lib\router\index.js:346:12)
[2026-08-17 20:57:13] [31merror[39m: 401 - Token has expired. - /api/classroom/activity-feed - GET
[2026-08-17 20:57:13] [31merror[39m: TokenExpiredError: jwt expired
    at C:\Users\satar\.gemini\antigravity\scratch\clipmind-ai\backend\node_modules\jsonwebtoken\verify.js:190:21
    at getSecret (C:\Users\satar\.gemini\antigravity\scratch\clipmind-ai\backend\node_modules\jsonwebtoken\verify.js:97:14)
    at module.exports [as verify] (C:\Users\satar\.gemini\antigravity\scratch\clipmind-ai\backend\node_modules\jsonwebtoken\verify.js:101:10)
    at authenticate (C:\Users\satar\.gemini\antigravity\scratch\clipmind-ai\backend\src\middleware\auth.middleware.js:15:25)
    at Layer.handle [as handle_request] (C:\Users\satar\.gemini\antigravity\scratch\clipmind-ai\backend\node_modules\express\lib\router\layer.js:95:5)
    at next (C:\Users\satar\.gemini\antigravity\scratch\clipmind-ai\backend\node_modules\express\lib\router\route.js:149:13)
    at Route.dispatch (C:\Users\satar\.gemini\antigravity\scratch\clipmind-ai\backend\node_modules\express\lib\router\route.js:119:3)
    at Layer.handle [as handle_request] (C:\Users\satar\.gemini\antigravity\scratch\clipmind-ai\backend\node_modules\express\lib\router\layer.js:95:5)
    at C:\Users\satar\.gemini\antigravity\scratch\clipmind-ai\backend\node_modules\express\lib\router\index.js:284:15
    at Function.process_params (C:\Users\satar\.gemini\antigravity\scratch\clipmind-ai\backend\node_modules\express\lib\router\index.js:346:12)
[2026-08-17 20:57:13] [31merror[39m: 401 - Token has expired. - /api/classroom/analytics - GET
[2026-08-17 20:57:13] [31merror[39m: TokenExpiredError: jwt expired
    at C:\Users\satar\.gemini\antigravity\scratch\clipmind-ai\backend\node_modules\jsonwebtoken\verify.js:190:21
    at getSecret (C:\Users\satar\.gemini\antigravity\scratch\clipmind-ai\backend\node_modules\jsonwebtoken\verify.js:97:14)
    at module.exports [as verify] (C:\Users\satar\.gemini\antigravity\scratch\clipmind-ai\backend\node_modules\jsonwebtoken\verify.js:101:10)
    at authenticate (C:\Users\satar\.gemini\antigravity\scratch\clipmind-ai\backend\src\middleware\auth.middleware.js:15:25)
    at Layer.handle [as handle_request] (C:\Users\satar\.gemini\antigravity\scratch\clipmind-ai\backend\node_modules\express\lib\router\layer.js:95:5)
    at next (C:\Users\satar\.gemini\antigravity\scratch\clipmind-ai\backend\node_modules\express\lib\router\route.js:149:13)
    at Route.dispatch (C:\Users\satar\.gemini\antigravity\scratch\clipmind-ai\backend\node_modules\express\lib\router\route.js:119:3)
    at Layer.handle [as handle_request] (C:\Users\satar\.gemini\antigravity\scratch\clipmind-ai\backend\node_modules\express\lib\router\layer.js:95:5)
    at C:\Users\satar\.gemini\antigravity\scratch\clipmind-ai\backend\node_modules\express\lib\router\index.js:284:15
    at Function.process_params (C:\Users\satar\.gemini\antigravity\scratch\clipmind-ai\backend\node_modules\express\lib\router\index.js:346:12)
[2026-08-17 20:57:13] [31merror[39m: 401 - Token has expired. - /api/classroom/overview - GET
[2026-08-17 20:57:13] [31merror[39m: TokenExpiredError: jwt expired
    at C:\Users\satar\.gemini\antigravity\scratch\clipmind-ai\backend\node_modules\jsonwebtoken\verify.js:190:21
    at getSecret (C:\Users\satar\.gemini\antigravity\scratch\clipmind-ai\backend\node_modules\jsonwebtoken\verify.js:97:14)
    at module.exports [as verify] (C:\Users\satar\.gemini\antigravity\scratch\clipmind-ai\backend\node_modules\jsonwebtoken\verify.js:101:10)
    at authenticate (C:\Users\satar\.gemini\antigravity\scratch\clipmind-ai\backend\src\middleware\auth.middleware.js:15:25)
    at Layer.handle [as handle_request] (C:\Users\satar\.gemini\antigravity\scratch\clipmind-ai\backend\node_modules\express\lib\router\layer.js:95:5)
    at next (C:\Users\satar\.gemini\antigravity\scratch\clipmind-ai\backend\node_modules\express\lib\router\route.js:149:13)
    at Route.dispatch (C:\Users\satar\.gemini\antigravity\scratch\clipmind-ai\backend\node_modules\express\lib\router\route.js:119:3)
    at Layer.handle [as handle_request] (C:\Users\satar\.gemini\antigravity\scratch\clipmind-ai\backend\node_modules\express\lib\router\layer.js:95:5)
    at C:\Users\satar\.gemini\antigravity\scratch\clipmind-ai\backend\node_modules\express\lib\router\index.js:284:15
    at Function.process_params (C:\Users\satar\.gemini\antigravity\scratch\clipmind-ai\backend\node_modules\express\lib\router\index.js:346:12)
[2026-08-17 20:57:13] [31merror[39m: 401 - Token has expired. - /api/classroom/engagement - GET
[2026-08-17 20:57:13] [31merror[39m: TokenExpiredError: jwt expired
    at C:\Users\satar\.gemini\antigravity\scratch\clipmind-ai\backend\node_modules\jsonwebtoken\verify.js:190:21
    at getSecret (C:\Users\satar\.gemini\antigravity\scratch\clipmind-ai\backend\node_modules\jsonwebtoken\verify.js:97:14)
    at module.exports [as verify] (C:\Users\satar\.gemini\antigravity\scratch\clipmind-ai\backend\node_modules\jsonwebtoken\verify.js:101:10)
    at authenticate (C:\Users\satar\.gemini\antigravity\scratch\clipmind-ai\backend\src\middleware\auth.middleware.js:15:25)
    at Layer.handle [as handle_request] (C:\Users\satar\.gemini\antigravity\scratch\clipmind-ai\backend\node_modules\express\lib\router\layer.js:95:5)
    at next (C:\Users\satar\.gemini\antigravity\scratch\clipmind-ai\backend\node_modules\express\lib\router\route.js:149:13)
    at Route.dispatch (C:\Users\satar\.gemini\antigravity\scratch\clipmind-ai\backend\node_modules\express\lib\router\route.js:119:3)
    at Layer.handle [as handle_request] (C:\Users\satar\.gemini\antigravity\scratch\clipmind-ai\backend\node_modules\express\lib\router\layer.js:95:5)
    at C:\Users\satar\.gemini\antigravity\scratch\clipmind-ai\backend\node_modules\express\lib\router\index.js:284:15
    at Function.process_params (C:\Users\satar\.gemini\antigravity\scratch\clipmind-ai\backend\node_modules\express\lib\router\index.js:346:12)
[2026-08-17 20:57:13] [31merror[39m: 401 - Token has expired. - /api/classroom/activity-feed - GET
[2026-08-17 20:57:13] [31merror[39m: TokenExpiredError: jwt expired
    at C:\Users\satar\.gemini\antigravity\scratch\clipmind-ai\backend\node_modules\jsonwebtoken\verify.js:190:21
    at getSecret (C:\Users\satar\.gemini\antigravity\scratch\clipmind-ai\backend\node_modules\jsonwebtoken\verify.js:97:14)
    at module.exports [as verify] (C:\Users\satar\.gemini\antigravity\scratch\clipmind-ai\backend\node_modules\jsonwebtoken\verify.js:101:10)
    at authenticate (C:\Users\satar\.gemini\antigravity\scratch\clipmind-ai\backend\src\middleware\auth.middleware.js:15:25)
    at Layer.handle [as handle_request] (C:\Users\satar\.gemini\antigravity\scratch\clipmind-ai\backend\node_modules\express\lib\router\layer.js:95:5)
    at next (C:\Users\satar\.gemini\antigravity\scratch\clipmind-ai\backend\node_modules\express\lib\router\route.js:149:13)
    at Route.dispatch (C:\Users\satar\.gemini\antigravity\scratch\clipmind-ai\backend\node_modules\express\lib\router\route.js:119:3)
    at Layer.handle [as handle_request] (C:\Users\satar\.gemini\antigravity\scratch\clipmind-ai\backend\node_modules\express\lib\router\layer.js:95:5)
    at C:\Users\satar\.gemini\antigravity\scratch\clipmind-ai\backend\node_modules\express\lib\router\index.js:284:15
    at Function.process_params (C:\Users\satar\.gemini\antigravity\scratch\clipmind-ai\backend\node_modules\express\lib\router\index.js:346:12)
[2026-08-17 20:57:13] [31merror[39m: 401 - Token has expired. - /api/classroom/analytics - GET
[2026-08-17 20:57:13] [31merror[39m: TokenExpiredError: jwt expired
    at C:\Users\satar\.gemini\antigravity\scratch\clipmind-ai\backend\node_modules\jsonwebtoken\verify.js:190:21
    at getSecret (C:\Users\satar\.gemini\antigravity\scratch\clipmind-ai\backend\node_modules\jsonwebtoken\verify.js:97:14)
    at module.exports [as verify] (C:\Users\satar\.gemini\antigravity\scratch\clipmind-ai\backend\node_modules\jsonwebtoken\verify.js:101:10)
    at authenticate (C:\Users\satar\.gemini\antigravity\scratch\clipmind-ai\backend\src\middleware\auth.middleware.js:15:25)
    at Layer.handle [as handle_request] (C:\Users\satar\.gemini\antigravity\scratch\clipmind-ai\backend\node_modules\express\lib\router\layer.js:95:5)
    at next (C:\Users\satar\.gemini\antigravity\scratch\clipmind-ai\backend\node_modules\express\lib\router\route.js:149:13)
    at Route.dispatch (C:\Users\satar\.gemini\antigravity\scratch\clipmind-ai\backend\node_modules\express\lib\router\route.js:119:3)
    at Layer.handle [as handle_request] (C:\Users\satar\.gemini\antigravity\scratch\clipmind-ai\backend\node_modules\express\lib\router\layer.js:95:5)
    at C:\Users\satar\.gemini\antigravity\scratch\clipmind-ai\backend\node_modules\express\lib\router\index.js:284:15
    at Function.process_params (C:\Users\satar\.gemini\antigravity\scratch\clipmind-ai\backend\node_modules\express\lib\router\index.js:346:12)
[2026-08-17 20:57:13] [31merror[39m: 401 - Token has expired. - /api/classroom/overview - GET
[2026-08-17 20:57:13] [31merror[39m: TokenExpiredError: jwt expired
    at C:\Users\satar\.gemini\antigravity\scratch\clipmind-ai\backend\node_modules\jsonwebtoken\verify.js:190:21
    at getSecret (C:\Users\satar\.gemini\antigravity\scratch\clipmind-ai\backend\node_modules\jsonwebtoken\verify.js:97:14)
    at module.exports [as verify] (C:\Users\satar\.gemini\antigravity\scratch\clipmind-ai\backend\node_modules\jsonwebtoken\verify.js:101:10)
    at authenticate (C:\Users\satar\.gemini\antigravity\scratch\clipmind-ai\backend\src\middleware\auth.middleware.js:15:25)
    at Layer.handle [as handle_request] (C:\Users\satar\.gemini\antigravity\scratch\clipmind-ai\backend\node_modules\express\lib\router\layer.js:95:5)
    at next (C:\Users\satar\.gemini\antigravity\scratch\clipmind-ai\backend\node_modules\express\lib\router\route.js:149:13)
    at Route.dispatch (C:\Users\satar\.gemini\antigravity\scratch\clipmind-ai\backend\node_modules\express\lib\router\route.js:119:3)
    at Layer.handle [as handle_request] (C:\Users\satar\.gemini\antigravity\scratch\clipmind-ai\backend\node_modules\express\lib\router\layer.js:95:5)
    at C:\Users\satar\.gemini\antigravity\scratch\clipmind-ai\backend\node_modules\express\lib\router\index.js:284:15
    at Function.process_params (C:\Users\satar\.gemini\antigravity\scratch\clipmind-ai\backend\node_modules\express\lib\router\index.js:346:12)
[2026-08-17 20:57:13] [31merror[39m: 401 - Token has expired. - /api/classroom/engagement - GET
[2026-08-17 20:57:13] [31merror[39m: TokenExpiredError: jwt expired
    at C:\Users\satar\.gemini\antigravity\scratch\clipmind-ai\backend\node_modules\jsonwebtoken\verify.js:190:21
    at getSecret (C:\Users\satar\.gemini\antigravity\scratch\clipmind-ai\backend\node_modules\jsonwebtoken\verify.js:97:14)
    at module.exports [as verify] (C:\Users\satar\.gemini\antigravity\scratch\clipmind-ai\backend\node_modules\jsonwebtoken\verify.js:101:10)
    at authenticate (C:\Users\satar\.gemini\antigravity\scratch\clipmind-ai\backend\src\middleware\auth.middleware.js:15:25)
    at Layer.handle [as handle_request] (C:\Users\satar\.gemini\antigravity\scratch\clipmind-ai\backend\node_modules\express\lib\router\layer.js:95:5)
    at next (C:\Users\satar\.gemini\antigravity\scratch\clipmind-ai\backend\node_modules\express\lib\router\route.js:149:13)
    at Route.dispatch (C:\Users\satar\.gemini\antigravity\scratch\clipmind-ai\backend\node_modules\express\lib\router\route.js:119:3)
    at Layer.handle [as handle_request] (C:\Users\satar\.gemini\antigravity\scratch\clipmind-ai\backend\node_modules\express\lib\router\layer.js:95:5)
    at C:\Users\satar\.gemini\antigravity\scratch\clipmind-ai\backend\node_modules\express\lib\router\index.js:284:15
    at Function.process_params (C:\Users\satar\.gemini\antigravity\scratch\clipmind-ai\backend\node_modules\express\lib\router\index.js:346:12)
[2026-08-17 20:57:13] [31merror[39m: 401 - Token has expired. - /api/classroom/activity-feed - GET
[2026-08-17 20:57:13] [31merror[39m: TokenExpiredError: jwt expired
    at C:\Users\satar\.gemini\antigravity\scratch\clipmind-ai\backend\node_modules\jsonwebtoken\verify.js:190:21
    at getSecret (C:\Users\satar\.gemini\antigravity\scratch\clipmind-ai\backend\node_modules\jsonwebtoken\verify.js:97:14)
    at module.exports [as verify] (C:\Users\satar\.gemini\antigravity\scratch\clipmind-ai\backend\node_modules\jsonwebtoken\verify.js:101:10)
    at authenticate (C:\Users\satar\.gemini\antigravity\scratch\clipmind-ai\backend\src\middleware\auth.middleware.js:15:25)
    at Layer.handle [as handle_request] (C:\Users\satar\.gemini\antigravity\scratch\clipmind-ai\backend\node_modules\express\lib\router\layer.js:95:5)
    at next (C:\Users\satar\.gemini\antigravity\scratch\clipmind-ai\backend\node_modules\express\lib\router\route.js:149:13)
    at Route.dispatch (C:\Users\satar\.gemini\antigravity\scratch\clipmind-ai\backend\node_modules\express\lib\router\route.js:119:3)
    at Layer.handle [as handle_request] (C:\Users\satar\.gemini\antigravity\scratch\clipmind-ai\backend\node_modules\express\lib\router\layer.js:95:5)
    at C:\Users\satar\.gemini\antigravity\scratch\clipmind-ai\backend\node_modules\express\lib\router\index.js:284:15
    at Function.process_params (C:\Users\satar\.gemini\antigravity\scratch\clipmind-ai\backend\node_modules\express\lib\router\index.js:346:12)
[2026-08-18 00:57:17] [31merror[39m: 401 - Token has expired. - /api/classroom/overview - GET
[2026-08-18 00:57:17] [31merror[39m: TokenExpiredError: jwt expired
    at C:\Users\satar\.gemini\antigravity\scratch\clipmind-ai\backend\node_modules\jsonwebtoken\verify.js:190:21
    at getSecret (C:\Users\satar\.gemini\antigravity\scratch\clipmind-ai\backend\node_modules\jsonwebtoken\verify.js:97:14)
    at module.exports [as verify] (C:\Users\satar\.gemini\antigravity\scratch\clipmind-ai\backend\node_modules\jsonwebtoken\verify.js:101:10)
    at authenticate (C:\Users\satar\.gemini\antigravity\scratch\clipmind-ai\backend\src\middleware\auth.middleware.js:15:25)
    at Layer.handle [as handle_request] (C:\Users\satar\.gemini\antigravity\scratch\clipmind-ai\backend\node_modules\express\lib\router\layer.js:95:5)
    at next (C:\Users\satar\.gemini\antigravity\scratch\clipmind-ai\backend\node_modules\express\lib\router\route.js:149:13)
    at Route.dispatch (C:\Users\satar\.gemini\antigravity\scratch\clipmind-ai\backend\node_modules\express\lib\router\route.js:119:3)
    at Layer.handle [as handle_request] (C:\Users\satar\.gemini\antigravity\scratch\clipmind-ai\backend\node_modules\express\lib\router\layer.js:95:5)
    at C:\Users\satar\.gemini\antigravity\scratch\clipmind-ai\backend\node_modules\express\lib\router\index.js:284:15
    at Function.process_params (C:\Users\satar\.gemini\antigravity\scratch\clipmind-ai\backend\node_modules\express\lib\router\index.js:346:12)
[2026-08-18 00:57:17] [31merror[39m: 401 - Token has expired. - /api/classroom/analytics - GET
[2026-08-18 00:57:17] [31merror[39m: TokenExpiredError: jwt expired
    at C:\Users\satar\.gemini\antigravity\scratch\clipmind-ai\backend\node_modules\jsonwebtoken\verify.js:190:21
    at getSecret (C:\Users\satar\.gemini\antigravity\scratch\clipmind-ai\backend\node_modules\jsonwebtoken\verify.js:97:14)
    at module.exports [as verify] (C:\Users\satar\.gemini\antigravity\scratch\clipmind-ai\backend\node_modules\jsonwebtoken\verify.js:101:10)
    at authenticate (C:\Users\satar\.gemini\antigravity\scratch\clipmind-ai\backend\src\middleware\auth.middleware.js:15:25)
    at Layer.handle [as handle_request] (C:\Users\satar\.gemini\antigravity\scratch\clipmind-ai\backend\node_modules\express\lib\router\layer.js:95:5)
    at next (C:\Users\satar\.gemini\antigravity\scratch\clipmind-ai\backend\node_modules\express\lib\router\route.js:149:13)
    at Route.dispatch (C:\Users\satar\.gemini\antigravity\scratch\clipmind-ai\backend\node_modules\express\lib\router\route.js:119:3)
    at Layer.handle [as handle_request] (C:\Users\satar\.gemini\antigravity\scratch\clipmind-ai\backend\node_modules\express\lib\router\layer.js:95:5)
    at C:\Users\satar\.gemini\antigravity\scratch\clipmind-ai\backend\node_modules\express\lib\router\index.js:284:15
    at Function.process_params (C:\Users\satar\.gemini\antigravity\scratch\clipmind-ai\backend\node_modules\express\lib\router\index.js:346:12)
[2026-08-18 00:57:17] [31merror[39m: 401 - Token has expired. - /api/classroom/engagement - GET
[2026-08-18 00:57:17] [31merror[39m: TokenExpiredError: jwt expired
    at C:\Users\satar\.gemini\antigravity\scratch\clipmind-ai\backend\node_modules\jsonwebtoken\verify.js:190:21
    at getSecret (C:\Users\satar\.gemini\antigravity\scratch\clipmind-ai\backend\node_modules\jsonwebtoken\verify.js:97:14)
    at module.exports [as verify] (C:\Users\satar\.gemini\antigravity\scratch\clipmind-ai\backend\node_modules\jsonwebtoken\verify.js:101:10)
    at authenticate (C:\Users\satar\.gemini\antigravity\scratch\clipmind-ai\backend\src\middleware\auth.middleware.js:15:25)
    at Layer.handle [as handle_request] (C:\Users\satar\.gemini\antigravity\scratch\clipmind-ai\backend\node_modules\express\lib\router\layer.js:95:5)
    at next (C:\Users\satar\.gemini\antigravity\scratch\clipmind-ai\backend\node_modules\express\lib\router\route.js:149:13)
    at Route.dispatch (C:\Users\satar\.gemini\antigravity\scratch\clipmind-ai\backend\node_modules\express\lib\router\route.js:119:3)
    at Layer.handle [as handle_request] (C:\Users\satar\.gemini\antigravity\scratch\clipmind-ai\backend\node_modules\express\lib\router\layer.js:95:5)
    at C:\Users\satar\.gemini\antigravity\scratch\clipmind-ai\backend\node_modules\express\lib\router\index.js:284:15
    at Function.process_params (C:\Users\satar\.gemini\antigravity\scratch\clipmind-ai\backend\node_modules\express\lib\router\index.js:346:12)
[2026-08-18 00:57:17] [31merror[39m: 401 - Token has expired. - /api/classroom/activity-feed - GET
[2026-08-18 00:57:17] [31merror[39m: TokenExpiredError: jwt expired
    at C:\Users\satar\.gemini\antigravity\scratch\clipmind-ai\backend\node_modules\jsonwebtoken\verify.js:190:21
    at getSecret (C:\Users\satar\.gemini\antigravity\scratch\clipmind-ai\backend\node_modules\jsonwebtoken\verify.js:97:14)
    at module.exports [as verify] (C:\Users\satar\.gemini\antigravity\scratch\clipmind-ai\backend\node_modules\jsonwebtoken\verify.js:101:10)
    at authenticate (C:\Users\satar\.gemini\antigravity\scratch\clipmind-ai\backend\src\middleware\auth.middleware.js:15:25)
    at Layer.handle [as handle_request] (C:\Users\satar\.gemini\antigravity\scratch\clipmind-ai\backend\node_modules\express\lib\router\layer.js:95:5)
    at next (C:\Users\satar\.gemini\antigravity\scratch\clipmind-ai\backend\node_modules\express\lib\router\route.js:149:13)
    at Route.dispatch (C:\Users\satar\.gemini\antigravity\scratch\clipmind-ai\backend\node_modules\express\lib\router\route.js:119:3)
    at Layer.handle [as handle_request] (C:\Users\satar\.gemini\antigravity\scratch\clipmind-ai\backend\node_modules\express\lib\router\layer.js:95:5)
    at C:\Users\satar\.gemini\antigravity\scratch\clipmind-ai\backend\node_modules\express\lib\router\index.js:284:15
    at Function.process_params (C:\Users\satar\.gemini\antigravity\scratch\clipmind-ai\backend\node_modules\express\lib\router\index.js:346:12)
[2026-08-18 00:57:17] [31merror[39m: 401 - Token has expired. - /api/classroom/overview - GET
[2026-08-18 00:57:17] [31merror[39m: TokenExpiredError: jwt expired
    at C:\Users\satar\.gemini\antigravity\scratch\clipmind-ai\backend\node_modules\jsonwebtoken\verify.js:190:21
    at getSecret (C:\Users\satar\.gemini\antigravity\scratch\clipmind-ai\backend\node_modules\jsonwebtoken\verify.js:97:14)
    at module.exports [as verify] (C:\Users\satar\.gemini\antigravity\scratch\clipmind-ai\backend\node_modules\jsonwebtoken\verify.js:101:10)
    at authenticate (C:\Users\satar\.gemini\antigravity\scratch\clipmind-ai\backend\src\middleware\auth.middleware.js:15:25)
    at Layer.handle [as handle_request] (C:\Users\satar\.gemini\antigravity\scratch\clipmind-ai\backend\node_modules\express\lib\router\layer.js:95:5)
    at next (C:\Users\satar\.gemini\antigravity\scratch\clipmind-ai\backend\node_modules\express\lib\router\route.js:149:13)
    at Route.dispatch (C:\Users\satar\.gemini\antigravity\scratch\clipmind-ai\backend\node_modules\express\lib\router\route.js:119:3)
    at Layer.handle [as handle_request] (C:\Users\satar\.gemini\antigravity\scratch\clipmind-ai\backend\node_modules\express\lib\router\layer.js:95:5)
    at C:\Users\satar\.gemini\antigravity\scratch\clipmind-ai\backend\node_modules\express\lib\router\index.js:284:15
    at Function.process_params (C:\Users\satar\.gemini\antigravity\scratch\clipmind-ai\backend\node_modules\express\lib\router\index.js:346:12)
[2026-08-18 00:57:17] [31merror[39m: 401 - Token has expired. - /api/classroom/analytics - GET
[2026-08-18 00:57:17] [31merror[39m: TokenExpiredError: jwt expired
    at C:\Users\satar\.gemini\antigravity\scratch\clipmind-ai\backend\node_modules\jsonwebtoken\verify.js:190:21
    at getSecret (C:\Users\satar\.gemini\antigravity\scratch\clipmind-ai\backend\node_modules\jsonwebtoken\verify.js:97:14)
    at module.exports [as verify] (C:\Users\satar\.gemini\antigravity\scratch\clipmind-ai\backend\node_modules\jsonwebtoken\verify.js:101:10)
    at authenticate (C:\Users\satar\.gemini\antigravity\scratch\clipmind-ai\backend\src\middleware\auth.middleware.js:15:25)
    at Layer.handle [as handle_request] (C:\Users\satar\.gemini\antigravity\scratch\clipmind-ai\backend\node_modules\express\lib\router\layer.js:95:5)
    at next (C:\Users\satar\.gemini\antigravity\scratch\clipmind-ai\backend\node_modules\express\lib\router\route.js:149:13)
    at Route.dispatch (C:\Users\satar\.gemini\antigravity\scratch\clipmind-ai\backend\node_modules\express\lib\router\route.js:119:3)
    at Layer.handle [as handle_request] (C:\Users\satar\.gemini\antigravity\scratch\clipmind-ai\backend\node_modules\express\lib\router\layer.js:95:5)
    at C:\Users\satar\.gemini\antigravity\scratch\clipmind-ai\backend\node_modules\express\lib\router\index.js:284:15
    at Function.process_params (C:\Users\satar\.gemini\antigravity\scratch\clipmind-ai\backend\node_modules\express\lib\router\index.js:346:12)
[2026-08-18 00:57:17] [31merror[39m: 401 - Token has expired. - /api/classroom/engagement - GET
[2026-08-18 00:57:17] [31merror[39m: TokenExpiredError: jwt expired
    at C:\Users\satar\.gemini\antigravity\scratch\clipmind-ai\backend\node_modules\jsonwebtoken\verify.js:190:21
    at getSecret (C:\Users\satar\.gemini\antigravity\scratch\clipmind-ai\backend\node_modules\jsonwebtoken\verify.js:97:14)
    at module.exports [as verify] (C:\Users\satar\.gemini\antigravity\scratch\clipmind-ai\backend\node_modules\jsonwebtoken\verify.js:101:10)
    at authenticate (C:\Users\satar\.gemini\antigravity\scratch\clipmind-ai\backend\src\middleware\auth.middleware.js:15:25)
    at Layer.handle [as handle_request] (C:\Users\satar\.gemini\antigravity\scratch\clipmind-ai\backend\node_modules\express\lib\router\layer.js:95:5)
    at next (C:\Users\satar\.gemini\antigravity\scratch\clipmind-ai\backend\node_modules\express\lib\router\route.js:149:13)
    at Route.dispatch (C:\Users\satar\.gemini\antigravity\scratch\clipmind-ai\backend\node_modules\express\lib\router\route.js:119:3)
    at Layer.handle [as handle_request] (C:\Users\satar\.gemini\antigravity\scratch\clipmind-ai\backend\node_modules\express\lib\router\layer.js:95:5)
    at C:\Users\satar\.gemini\antigravity\scratch\clipmind-ai\backend\node_modules\express\lib\router\index.js:284:15
    at Function.process_params (C:\Users\satar\.gemini\antigravity\scratch\clipmind-ai\backend\node_modules\express\lib\router\index.js:346:12)
[2026-08-18 00:57:17] [31merror[39m: 401 - Token has expired. - /api/classroom/activity-feed - GET
[2026-08-18 00:57:17] [31merror[39m: TokenExpiredError: jwt expired
    at C:\Users\satar\.gemini\antigravity\scratch\clipmind-ai\backend\node_modules\jsonwebtoken\verify.js:190:21
    at getSecret (C:\Users\satar\.gemini\antigravity\scratch\clipmind-ai\backend\node_modules\jsonwebtoken\verify.js:97:14)
    at module.exports [as verify] (C:\Users\satar\.gemini\antigravity\scratch\clipmind-ai\backend\node_modules\jsonwebtoken\verify.js:101:10)
    at authenticate (C:\Users\satar\.gemini\antigravity\scratch\clipmind-ai\backend\src\middleware\auth.middleware.js:15:25)
    at Layer.handle [as handle_request] (C:\Users\satar\.gemini\antigravity\scratch\clipmind-ai\backend\node_modules\express\lib\router\layer.js:95:5)
    at next (C:\Users\satar\.gemini\antigravity\scratch\clipmind-ai\backend\node_modules\express\lib\router\route.js:149:13)
    at Route.dispatch (C:\Users\satar\.gemini\antigravity\scratch\clipmind-ai\backend\node_modules\express\lib\router\route.js:119:3)
    at Layer.handle [as handle_request] (C:\Users\satar\.gemini\antigravity\scratch\clipmind-ai\backend\node_modules\express\lib\router\layer.js:95:5)
    at C:\Users\satar\.gemini\antigravity\scratch\clipmind-ai\backend\node_modules\express\lib\router\index.js:284:15
    at Function.process_params (C:\Users\satar\.gemini\antigravity\scratch\clipmind-ai\backend\node_modules\express\lib\router\index.js:346:12)
[2026-08-18 17:02:19] [31merror[39m: 401 - Token has expired. - /api/analytics/overview - GET
[2026-08-18 17:02:19] [31merror[39m: TokenExpiredError: jwt expired
    at C:\Users\satar\.gemini\antigravity\scratch\clipmind-ai\backend\node_modules\jsonwebtoken\verify.js:190:21
    at getSecret (C:\Users\satar\.gemini\antigravity\scratch\clipmind-ai\backend\node_modules\jsonwebtoken\verify.js:97:14)
    at module.exports [as verify] (C:\Users\satar\.gemini\antigravity\scratch\clipmind-ai\backend\node_modules\jsonwebtoken\verify.js:101:10)
    at authenticate (C:\Users\satar\.gemini\antigravity\scratch\clipmind-ai\backend\src\middleware\auth.middleware.js:15:25)
    at Layer.handle [as handle_request] (C:\Users\satar\.gemini\antigravity\scratch\clipmind-ai\backend\node_modules\express\lib\router\layer.js:95:5)
    at next (C:\Users\satar\.gemini\antigravity\scratch\clipmind-ai\backend\node_modules\express\lib\router\route.js:149:13)
    at Route.dispatch (C:\Users\satar\.gemini\antigravity\scratch\clipmind-ai\backend\node_modules\express\lib\router\route.js:119:3)
    at Layer.handle [as handle_request] (C:\Users\satar\.gemini\antigravity\scratch\clipmind-ai\backend\node_modules\express\lib\router\layer.js:95:5)
    at C:\Users\satar\.gemini\antigravity\scratch\clipmind-ai\backend\node_modules\express\lib\router\index.js:284:15
    at Function.process_params (C:\Users\satar\.gemini\antigravity\scratch\clipmind-ai\backend\node_modules\express\lib\router\index.js:346:12)
[2026-08-18 17:02:19] [31merror[39m: 401 - Token has expired. - /api/analytics/content-insights - GET
[2026-08-18 17:02:19] [31merror[39m: TokenExpiredError: jwt expired
    at C:\Users\satar\.gemini\antigravity\scratch\clipmind-ai\backend\node_modules\jsonwebtoken\verify.js:190:21
    at getSecret (C:\Users\satar\.gemini\antigravity\scratch\clipmind-ai\backend\node_modules\jsonwebtoken\verify.js:97:14)
    at module.exports [as verify] (C:\Users\satar\.gemini\antigravity\scratch\clipmind-ai\backend\node_modules\jsonwebtoken\verify.js:101:10)
    at authenticate (C:\Users\satar\.gemini\antigravity\scratch\clipmind-ai\backend\src\middleware\auth.middleware.js:15:25)
    at Layer.handle [as handle_request] (C:\Users\satar\.gemini\antigravity\scratch\clipmind-ai\backend\node_modules\express\lib\router\layer.js:95:5)
    at next (C:\Users\satar\.gemini\antigravity\scratch\clipmind-ai\backend\node_modules\express\lib\router\route.js:149:13)
    at Route.dispatch (C:\Users\satar\.gemini\antigravity\scratch\clipmind-ai\backend\node_modules\express\lib\router\route.js:119:3)
    at Layer.handle [as handle_request] (C:\Users\satar\.gemini\antigravity\scratch\clipmind-ai\backend\node_modules\express\lib\router\layer.js:95:5)
    at C:\Users\satar\.gemini\antigravity\scratch\clipmind-ai\backend\node_modules\express\lib\router\index.js:284:15
    at Function.process_params (C:\Users\satar\.gemini\antigravity\scratch\clipmind-ai\backend\node_modules\express\lib\router\index.js:346:12)
[2026-08-18 17:02:19] [31merror[39m: 401 - Token has expired. - /api/analytics/content-insights - GET
[2026-08-18 17:02:19] [31merror[39m: TokenExpiredError: jwt expired
    at C:\Users\satar\.gemini\antigravity\scratch\clipmind-ai\backend\node_modules\jsonwebtoken\verify.js:190:21
    at getSecret (C:\Users\satar\.gemini\antigravity\scratch\clipmind-ai\backend\node_modules\jsonwebtoken\verify.js:97:14)
    at module.exports [as verify] (C:\Users\satar\.gemini\antigravity\scratch\clipmind-ai\backend\node_modules\jsonwebtoken\verify.js:101:10)
    at authenticate (C:\Users\satar\.gemini\antigravity\scratch\clipmind-ai\backend\src\middleware\auth.middleware.js:15:25)
    at Layer.handle [as handle_request] (C:\Users\satar\.gemini\antigravity\scratch\clipmind-ai\backend\node_modules\express\lib\router\layer.js:95:5)
    at next (C:\Users\satar\.gemini\antigravity\scratch\clipmind-ai\backend\node_modules\express\lib\router\route.js:149:13)
    at Route.dispatch (C:\Users\satar\.gemini\antigravity\scratch\clipmind-ai\backend\node_modules\express\lib\router\route.js:119:3)
    at Layer.handle [as handle_request] (C:\Users\satar\.gemini\antigravity\scratch\clipmind-ai\backend\node_modules\express\lib\router\layer.js:95:5)
    at C:\Users\satar\.gemini\antigravity\scratch\clipmind-ai\backend\node_modules\express\lib\router\index.js:284:15
    at Function.process_params (C:\Users\satar\.gemini\antigravity\scratch\clipmind-ai\backend\node_modules\express\lib\router\index.js:346:12)
[2026-08-18 17:02:19] [31merror[39m: 401 - Token has expired. - /api/analytics/overview - GET
[2026-08-18 17:02:19] [31merror[39m: TokenExpiredError: jwt expired
    at C:\Users\satar\.gemini\antigravity\scratch\clipmind-ai\backend\node_modules\jsonwebtoken\verify.js:190:21
    at getSecret (C:\Users\satar\.gemini\antigravity\scratch\clipmind-ai\backend\node_modules\jsonwebtoken\verify.js:97:14)
    at module.exports [as verify] (C:\Users\satar\.gemini\antigravity\scratch\clipmind-ai\backend\node_modules\jsonwebtoken\verify.js:101:10)
    at authenticate (C:\Users\satar\.gemini\antigravity\scratch\clipmind-ai\backend\src\middleware\auth.middleware.js:15:25)
    at Layer.handle [as handle_request] (C:\Users\satar\.gemini\antigravity\scratch\clipmind-ai\backend\node_modules\express\lib\router\layer.js:95:5)
    at next (C:\Users\satar\.gemini\antigravity\scratch\clipmind-ai\backend\node_modules\express\lib\router\route.js:149:13)
    at Route.dispatch (C:\Users\satar\.gemini\antigravity\scratch\clipmind-ai\backend\node_modules\express\lib\router\route.js:119:3)
    at Layer.handle [as handle_request] (C:\Users\satar\.gemini\antigravity\scratch\clipmind-ai\backend\node_modules\express\lib\router\layer.js:95:5)
    at C:\Users\satar\.gemini\antigravity\scratch\clipmind-ai\backend\node_modules\express\lib\router\index.js:284:15
    at Function.process_params (C:\Users\satar\.gemini\antigravity\scratch\clipmind-ai\backend\node_modules\express\lib\router\index.js:346:12)
[2026-08-18 17:31:45] [31merror[39m: 404 - Transcript not found. - /api/transcripts/336df7e0-14b9-4099-93da-e97bc32c6510/validate - GET
[2026-08-18 17:31:45] [31merror[39m: Error: Transcript not found.
    at createError (C:\Users\satar\.gemini\antigravity\scratch\clipmind-ai\backend\src\middleware\error.middleware.js:42:17)
    at C:\Users\satar\.gemini\antigravity\scratch\clipmind-ai\backend\src\routes\transcript.routes.js:35:32
[2026-08-18 17:31:45] [31merror[39m: 404 - Summary not found. - /api/summaries/336df7e0-14b9-4099-93da-e97bc32c6510/evaluate - GET
[2026-08-18 17:31:45] [31merror[39m: Error: Summary not found.
    at createError (C:\Users\satar\.gemini\antigravity\scratch\clipmind-ai\backend\src\middleware\error.middleware.js:42:17)
    at C:\Users\satar\.gemini\antigravity\scratch\clipmind-ai\backend\src\routes\summary.routes.js:62:29
[2026-08-18 17:31:45] [31merror[39m: 404 - Transcript not found. - /api/transcripts/336df7e0-14b9-4099-93da-e97bc32c6510/validate - GET
[2026-08-18 17:31:45] [31merror[39m: Error: Transcript not found.
    at createError (C:\Users\satar\.gemini\antigravity\scratch\clipmind-ai\backend\src\middleware\error.middleware.js:42:17)
    at C:\Users\satar\.gemini\antigravity\scratch\clipmind-ai\backend\src\routes\transcript.routes.js:35:32
[2026-08-18 17:31:45] [31merror[39m: 404 - Summary not found. - /api/summaries/336df7e0-14b9-4099-93da-e97bc32c6510/evaluate - GET
[2026-08-18 17:31:45] [31merror[39m: Error: Summary not found.
    at createError (C:\Users\satar\.gemini\antigravity\scratch\clipmind-ai\backend\src\middleware\error.middleware.js:42:17)
    at C:\Users\satar\.gemini\antigravity\scratch\clipmind-ai\backend\src\routes\summary.routes.js:62:29
[2026-08-18 17:44:20] [31merror[39m: 401 - Token has expired. - /api/videos/336df7e0-14b9-4099-93da-e97bc32c6510 - GET
[2026-08-18 17:44:20] [31merror[39m: TokenExpiredError: jwt expired
    at C:\Users\satar\.gemini\antigravity\scratch\clipmind-ai\backend\node_modules\jsonwebtoken\verify.js:190:21
    at getSecret (C:\Users\satar\.gemini\antigravity\scratch\clipmind-ai\backend\node_modules\jsonwebtoken\verify.js:97:14)
    at module.exports [as verify] (C:\Users\satar\.gemini\antigravity\scratch\clipmind-ai\backend\node_modules\jsonwebtoken\verify.js:101:10)
    at authenticate (C:\Users\satar\.gemini\antigravity\scratch\clipmind-ai\backend\src\middleware\auth.middleware.js:15:25)
    at Layer.handle [as handle_request] (C:\Users\satar\.gemini\antigravity\scratch\clipmind-ai\backend\node_modules\express\lib\router\layer.js:95:5)
    at next (C:\Users\satar\.gemini\antigravity\scratch\clipmind-ai\backend\node_modules\express\lib\router\route.js:149:13)
    at Route.dispatch (C:\Users\satar\.gemini\antigravity\scratch\clipmind-ai\backend\node_modules\express\lib\router\route.js:119:3)
    at Layer.handle [as handle_request] (C:\Users\satar\.gemini\antigravity\scratch\clipmind-ai\backend\node_modules\express\lib\router\layer.js:95:5)
    at C:\Users\satar\.gemini\antigravity\scratch\clipmind-ai\backend\node_modules\express\lib\router\index.js:284:15
    at param (C:\Users\satar\.gemini\antigravity\scratch\clipmind-ai\backend\node_modules\express\lib\router\index.js:365:14)
[2026-08-18 17:44:20] [31merror[39m: 401 - Token has expired. - /api/bookmarks - GET
[2026-08-18 17:44:20] [31merror[39m: TokenExpiredError: jwt expired
    at C:\Users\satar\.gemini\antigravity\scratch\clipmind-ai\backend\node_modules\jsonwebtoken\verify.js:190:21
    at getSecret (C:\Users\satar\.gemini\antigravity\scratch\clipmind-ai\backend\node_modules\jsonwebtoken\verify.js:97:14)
    at module.exports [as verify] (C:\Users\satar\.gemini\antigravity\scratch\clipmind-ai\backend\node_modules\jsonwebtoken\verify.js:101:10)
    at authenticate (C:\Users\satar\.gemini\antigravity\scratch\clipmind-ai\backend\src\middleware\auth.middleware.js:15:25)
    at Layer.handle [as handle_request] (C:\Users\satar\.gemini\antigravity\scratch\clipmind-ai\backend\node_modules\express\lib\router\layer.js:95:5)
    at trim_prefix (C:\Users\satar\.gemini\antigravity\scratch\clipmind-ai\backend\node_modules\express\lib\router\index.js:328:13)
    at C:\Users\satar\.gemini\antigravity\scratch\clipmind-ai\backend\node_modules\express\lib\router\index.js:286:9
    at Function.process_params (C:\Users\satar\.gemini\antigravity\scratch\clipmind-ai\backend\node_modules\express\lib\router\index.js:346:12)
    at next (C:\Users\satar\.gemini\antigravity\scratch\clipmind-ai\backend\node_modules\express\lib\router\index.js:280:10)
    at Function.handle (C:\Users\satar\.gemini\antigravity\scratch\clipmind-ai\backend\node_modules\express\lib\router\index.js:175:3)
[2026-08-18 17:44:20] [31merror[39m: 401 - Token has expired. - /api/transcripts/336df7e0-14b9-4099-93da-e97bc32c6510/validate - GET
[2026-08-18 17:44:20] [31merror[39m: TokenExpiredError: jwt expired
    at C:\Users\satar\.gemini\antigravity\scratch\clipmind-ai\backend\node_modules\jsonwebtoken\verify.js:190:21
    at getSecret (C:\Users\satar\.gemini\antigravity\scratch\clipmind-ai\backend\node_modules\jsonwebtoken\verify.js:97:14)
    at module.exports [as verify] (C:\Users\satar\.gemini\antigravity\scratch\clipmind-ai\backend\node_modules\jsonwebtoken\verify.js:101:10)
    at authenticate (C:\Users\satar\.gemini\antigravity\scratch\clipmind-ai\backend\src\middleware\auth.middleware.js:15:25)
    at Layer.handle [as handle_request] (C:\Users\satar\.gemini\antigravity\scratch\clipmind-ai\backend\node_modules\express\lib\router\layer.js:95:5)
    at next (C:\Users\satar\.gemini\antigravity\scratch\clipmind-ai\backend\node_modules\express\lib\router\route.js:149:13)
    at Route.dispatch (C:\Users\satar\.gemini\antigravity\scratch\clipmind-ai\backend\node_modules\express\lib\router\route.js:119:3)
    at Layer.handle [as handle_request] (C:\Users\satar\.gemini\antigravity\scratch\clipmind-ai\backend\node_modules\express\lib\router\layer.js:95:5)
    at C:\Users\satar\.gemini\antigravity\scratch\clipmind-ai\backend\node_modules\express\lib\router\index.js:284:15
    at param (C:\Users\satar\.gemini\antigravity\scratch\clipmind-ai\backend\node_modules\express\lib\router\index.js:365:14)
[2026-08-18 17:44:20] [31merror[39m: 401 - Token has expired. - /api/summaries/336df7e0-14b9-4099-93da-e97bc32c6510/evaluate - GET
[2026-08-18 17:44:20] [31merror[39m: TokenExpiredError: jwt expired
    at C:\Users\satar\.gemini\antigravity\scratch\clipmind-ai\backend\node_modules\jsonwebtoken\verify.js:190:21
    at getSecret (C:\Users\satar\.gemini\antigravity\scratch\clipmind-ai\backend\node_modules\jsonwebtoken\verify.js:97:14)
    at module.exports [as verify] (C:\Users\satar\.gemini\antigravity\scratch\clipmind-ai\backend\node_modules\jsonwebtoken\verify.js:101:10)
    at authenticate (C:\Users\satar\.gemini\antigravity\scratch\clipmind-ai\backend\src\middleware\auth.middleware.js:15:25)
    at Layer.handle [as handle_request] (C:\Users\satar\.gemini\antigravity\scratch\clipmind-ai\backend\node_modules\express\lib\router\layer.js:95:5)
    at next (C:\Users\satar\.gemini\antigravity\scratch\clipmind-ai\backend\node_modules\express\lib\router\route.js:149:13)
    at Route.dispatch (C:\Users\satar\.gemini\antigravity\scratch\clipmind-ai\backend\node_modules\express\lib\router\route.js:119:3)
    at Layer.handle [as handle_request] (C:\Users\satar\.gemini\antigravity\scratch\clipmind-ai\backend\node_modules\express\lib\router\layer.js:95:5)
    at C:\Users\satar\.gemini\antigravity\scratch\clipmind-ai\backend\node_modules\express\lib\router\index.js:284:15
    at param (C:\Users\satar\.gemini\antigravity\scratch\clipmind-ai\backend\node_modules\express\lib\router\index.js:365:14)
[2026-08-18 18:11:31] [31merror[39m: 404 - Transcript not found. - /api/transcripts/a5c0722b-0344-493d-9b31-88119ef9d996/validate - GET
[2026-08-18 18:11:31] [31merror[39m: Error: Transcript not found.
    at createError (C:\Users\satar\.gemini\antigravity\scratch\clipmind-ai\backend\src\middleware\error.middleware.js:42:17)
    at C:\Users\satar\.gemini\antigravity\scratch\clipmind-ai\backend\src\routes\transcript.routes.js:35:32
[2026-08-18 18:11:31] [31merror[39m: 404 - Summary not found. - /api/summaries/a5c0722b-0344-493d-9b31-88119ef9d996/evaluate - GET
[2026-08-18 18:11:31] [31merror[39m: Error: Summary not found.
    at createError (C:\Users\satar\.gemini\antigravity\scratch\clipmind-ai\backend\src\middleware\error.middleware.js:42:17)
    at C:\Users\satar\.gemini\antigravity\scratch\clipmind-ai\backend\src\routes\summary.routes.js:62:29
[2026-08-18 18:11:31] [31merror[39m: 404 - Summary not found. - /api/summaries/a5c0722b-0344-493d-9b31-88119ef9d996/evaluate - GET
[2026-08-18 18:11:31] [31merror[39m: Error: Summary not found.
    at createError (C:\Users\satar\.gemini\antigravity\scratch\clipmind-ai\backend\src\middleware\error.middleware.js:42:17)
    at C:\Users\satar\.gemini\antigravity\scratch\clipmind-ai\backend\src\routes\summary.routes.js:62:29
[2026-08-18 18:11:31] [31merror[39m: 404 - Transcript not found. - /api/transcripts/a5c0722b-0344-493d-9b31-88119ef9d996/validate - GET
[2026-08-18 18:11:31] [31merror[39m: Error: Transcript not found.
    at createError (C:\Users\satar\.gemini\antigravity\scratch\clipmind-ai\backend\src\middleware\error.middleware.js:42:17)
    at C:\Users\satar\.gemini\antigravity\scratch\clipmind-ai\backend\src\routes\transcript.routes.js:35:32
[2026-08-18 18:11:34] [31merror[39m: [OpenAI] Summary generation failed: 401 Incorrect API key provided: sk-abcde*******************************ef12. You can find your API key at https://platform.openai.com/account/api-keys.
[2026-08-18 18:11:36] [31merror[39m: [OpenAI] Key moments detection failed: 401 Incorrect API key provided: sk-abcde*******************************ef12. You can find your API key at https://platform.openai.com/account/api-keys.
[2026-08-18 18:11:37] [31merror[39m: [OpenAI] Learning materials generation failed: 401 Incorrect API key provided: sk-abcde*******************************ef12. You can find your API key at https://platform.openai.com/account/api-keys.
[2026-08-18 19:12:29] [31merror[39m: 401 - Token has expired. - /api/videos? - GET
[2026-08-18 19:12:29] [31merror[39m: TokenExpiredError: jwt expired
    at C:\Users\satar\.gemini\antigravity\scratch\clipmind-ai\backend\node_modules\jsonwebtoken\verify.js:190:21
    at getSecret (C:\Users\satar\.gemini\antigravity\scratch\clipmind-ai\backend\node_modules\jsonwebtoken\verify.js:97:14)
    at module.exports [as verify] (C:\Users\satar\.gemini\antigravity\scratch\clipmind-ai\backend\node_modules\jsonwebtoken\verify.js:101:10)
    at authenticate (C:\Users\satar\.gemini\antigravity\scratch\clipmind-ai\backend\src\middleware\auth.middleware.js:15:25)
    at Layer.handle [as handle_request] (C:\Users\satar\.gemini\antigravity\scratch\clipmind-ai\backend\node_modules\express\lib\router\layer.js:95:5)
    at next (C:\Users\satar\.gemini\antigravity\scratch\clipmind-ai\backend\node_modules\express\lib\router\route.js:149:13)
    at Route.dispatch (C:\Users\satar\.gemini\antigravity\scratch\clipmind-ai\backend\node_modules\express\lib\router\route.js:119:3)
    at Layer.handle [as handle_request] (C:\Users\satar\.gemini\antigravity\scratch\clipmind-ai\backend\node_modules\express\lib\router\layer.js:95:5)
    at C:\Users\satar\.gemini\antigravity\scratch\clipmind-ai\backend\node_modules\express\lib\router\index.js:284:15
    at Function.process_params (C:\Users\satar\.gemini\antigravity\scratch\clipmind-ai\backend\node_modules\express\lib\router\index.js:346:12)
[2026-08-18 19:12:29] [31merror[39m: 401 - Token has expired. - /api/videos? - GET
[2026-08-18 19:12:29] [31merror[39m: TokenExpiredError: jwt expired
    at C:\Users\satar\.gemini\antigravity\scratch\clipmind-ai\backend\node_modules\jsonwebtoken\verify.js:190:21
    at getSecret (C:\Users\satar\.gemini\antigravity\scratch\clipmind-ai\backend\node_modules\jsonwebtoken\verify.js:97:14)
    at module.exports [as verify] (C:\Users\satar\.gemini\antigravity\scratch\clipmind-ai\backend\node_modules\jsonwebtoken\verify.js:101:10)
    at authenticate (C:\Users\satar\.gemini\antigravity\scratch\clipmind-ai\backend\src\middleware\auth.middleware.js:15:25)
    at Layer.handle [as handle_request] (C:\Users\satar\.gemini\antigravity\scratch\clipmind-ai\backend\node_modules\express\lib\router\layer.js:95:5)
    at next (C:\Users\satar\.gemini\antigravity\scratch\clipmind-ai\backend\node_modules\express\lib\router\route.js:149:13)
    at Route.dispatch (C:\Users\satar\.gemini\antigravity\scratch\clipmind-ai\backend\node_modules\express\lib\router\route.js:119:3)
    at Layer.handle [as handle_request] (C:\Users\satar\.gemini\antigravity\scratch\clipmind-ai\backend\node_modules\express\lib\router\layer.js:95:5)
    at C:\Users\satar\.gemini\antigravity\scratch\clipmind-ai\backend\node_modules\express\lib\router\index.js:284:15
    at Function.process_params (C:\Users\satar\.gemini\antigravity\scratch\clipmind-ai\backend\node_modules\express\lib\router\index.js:346:12)
[2026-08-18 19:12:30] [31merror[39m: 404 - Transcript not found. - /api/transcripts/336df7e0-14b9-4099-93da-e97bc32c6510/validate - GET
[2026-08-18 19:12:30] [31merror[39m: Error: Transcript not found.
    at createError (C:\Users\satar\.gemini\antigravity\scratch\clipmind-ai\backend\src\middleware\error.middleware.js:42:17)
    at C:\Users\satar\.gemini\antigravity\scratch\clipmind-ai\backend\src\routes\transcript.routes.js:35:32
[2026-08-18 19:12:30] [31merror[39m: 404 - Video not found. - /api/videos/336df7e0-14b9-4099-93da-e97bc32c6510 - GET
[2026-08-18 19:12:30] [31merror[39m: Error: Video not found.
    at createError (C:\Users\satar\.gemini\antigravity\scratch\clipmind-ai\backend\src\middleware\error.middleware.js:42:17)
    at getVideo (C:\Users\satar\.gemini\antigravity\scratch\clipmind-ai\backend\src\controllers\video.controller.js:108:27)
[2026-08-18 19:12:30] [31merror[39m: 404 - Summary not found. - /api/summaries/336df7e0-14b9-4099-93da-e97bc32c6510/evaluate - GET
[2026-08-18 19:12:30] [31merror[39m: Error: Summary not found.
    at createError (C:\Users\satar\.gemini\antigravity\scratch\clipmind-ai\backend\src\middleware\error.middleware.js:42:17)
    at C:\Users\satar\.gemini\antigravity\scratch\clipmind-ai\backend\src\routes\summary.routes.js:62:29
[2026-08-18 19:12:30] [31merror[39m: 404 - Transcript not found. - /api/transcripts/336df7e0-14b9-4099-93da-e97bc32c6510/validate - GET
[2026-08-18 19:12:30] [31merror[39m: Error: Transcript not found.
    at createError (C:\Users\satar\.gemini\antigravity\scratch\clipmind-ai\backend\src\middleware\error.middleware.js:42:17)
    at C:\Users\satar\.gemini\antigravity\scratch\clipmind-ai\backend\src\routes\transcript.routes.js:35:32
[2026-08-18 19:12:30] [31merror[39m: 404 - Summary not found. - /api/summaries/336df7e0-14b9-4099-93da-e97bc32c6510/evaluate - GET
[2026-08-18 19:12:30] [31merror[39m: Error: Summary not found.
    at createError (C:\Users\satar\.gemini\antigravity\scratch\clipmind-ai\backend\src\middleware\error.middleware.js:42:17)
    at C:\Users\satar\.gemini\antigravity\scratch\clipmind-ai\backend\src\routes\summary.routes.js:62:29
[2026-08-18 19:12:30] [31merror[39m: 404 - Video not found. - /api/videos/336df7e0-14b9-4099-93da-e97bc32c6510 - GET
[2026-08-18 19:12:30] [31merror[39m: Error: Video not found.
    at createError (C:\Users\satar\.gemini\antigravity\scratch\clipmind-ai\backend\src\middleware\error.middleware.js:42:17)
    at getVideo (C:\Users\satar\.gemini\antigravity\scratch\clipmind-ai\backend\src\controllers\video.controller.js:108:27)
[2026-08-18 19:21:17] [31merror[39m: 404 - Transcript not found. - /api/transcripts/3d711726-72b4-466b-b025-dd5a82b8eb13/validate - GET
[2026-08-18 19:21:17] [31merror[39m: Error: Transcript not found.
    at createError (C:\Users\satar\.gemini\antigravity\scratch\clipmind-ai\backend\src\middleware\error.middleware.js:42:17)
    at C:\Users\satar\.gemini\antigravity\scratch\clipmind-ai\backend\src\routes\transcript.routes.js:35:32
[2026-08-18 19:21:17] [31merror[39m: 404 - Summary not found. - /api/summaries/3d711726-72b4-466b-b025-dd5a82b8eb13/evaluate - GET
[2026-08-18 19:21:17] [31merror[39m: Error: Summary not found.
    at createError (C:\Users\satar\.gemini\antigravity\scratch\clipmind-ai\backend\src\middleware\error.middleware.js:42:17)
    at C:\Users\satar\.gemini\antigravity\scratch\clipmind-ai\backend\src\routes\summary.routes.js:62:29
[2026-08-18 19:21:17] [31merror[39m: 404 - Transcript not found. - /api/transcripts/3d711726-72b4-466b-b025-dd5a82b8eb13/validate - GET
[2026-08-18 19:21:17] [31merror[39m: Error: Transcript not found.
    at createError (C:\Users\satar\.gemini\antigravity\scratch\clipmind-ai\backend\src\middleware\error.middleware.js:42:17)
    at C:\Users\satar\.gemini\antigravity\scratch\clipmind-ai\backend\src\routes\transcript.routes.js:35:32
[2026-08-18 19:21:17] [31merror[39m: 404 - Summary not found. - /api/summaries/3d711726-72b4-466b-b025-dd5a82b8eb13/evaluate - GET
[2026-08-18 19:21:17] [31merror[39m: Error: Summary not found.
    at createError (C:\Users\satar\.gemini\antigravity\scratch\clipmind-ai\backend\src\middleware\error.middleware.js:42:17)
    at C:\Users\satar\.gemini\antigravity\scratch\clipmind-ai\backend\src\routes\summary.routes.js:62:29
[2026-08-18 19:21:27] [31merror[39m: 404 - Summary not found. - /api/summaries/3d711726-72b4-466b-b025-dd5a82b8eb13/evaluate - GET
[2026-08-18 19:21:27] [31merror[39m: Error: Summary not found.
    at createError (C:\Users\satar\.gemini\antigravity\scratch\clipmind-ai\backend\src\middleware\error.middleware.js:42:17)
    at C:\Users\satar\.gemini\antigravity\scratch\clipmind-ai\backend\src\routes\summary.routes.js:62:29
[2026-08-18 19:21:45] [31merror[39m: 404 - Summary not found. - /api/summaries/3d711726-72b4-466b-b025-dd5a82b8eb13/evaluate - GET
[2026-08-18 19:21:45] [31merror[39m: Error: Summary not found.
    at createError (C:\Users\satar\.gemini\antigravity\scratch\clipmind-ai\backend\src\middleware\error.middleware.js:42:17)
    at C:\Users\satar\.gemini\antigravity\scratch\clipmind-ai\backend\src\routes\summary.routes.js:62:29
[2026-08-18 19:21:45] [31merror[39m: 404 - Summary not found. - /api/summaries/3d711726-72b4-466b-b025-dd5a82b8eb13/evaluate - GET
[2026-08-18 19:21:45] [31merror[39m: Error: Summary not found.
    at createError (C:\Users\satar\.gemini\antigravity\scratch\clipmind-ai\backend\src\middleware\error.middleware.js:42:17)
    at C:\Users\satar\.gemini\antigravity\scratch\clipmind-ai\backend\src\routes\summary.routes.js:62:29
[2026-08-18 19:21:49] [31merror[39m: 404 - Summary not found. - /api/summaries/3d711726-72b4-466b-b025-dd5a82b8eb13/evaluate - GET
[2026-08-18 19:21:49] [31merror[39m: Error: Summary not found.
    at createError (C:\Users\satar\.gemini\antigravity\scratch\clipmind-ai\backend\src\middleware\error.middleware.js:42:17)
    at C:\Users\satar\.gemini\antigravity\scratch\clipmind-ai\backend\src\routes\summary.routes.js:62:29
[2026-08-18 19:21:49] [31merror[39m: 404 - Summary not found. - /api/summaries/3d711726-72b4-466b-b025-dd5a82b8eb13/evaluate - GET
[2026-08-18 19:21:49] [31merror[39m: Error: Summary not found.
    at createError (C:\Users\satar\.gemini\antigravity\scratch\clipmind-ai\backend\src\middleware\error.middleware.js:42:17)
    at C:\Users\satar\.gemini\antigravity\scratch\clipmind-ai\backend\src\routes\summary.routes.js:62:29
[2026-08-18 19:22:03] [31merror[39m: [OpenAI] Summary generation failed: 401 Incorrect API key provided: sk-abcde*******************************ef12. You can find your API key at https://platform.openai.com/account/api-keys.
[2026-08-18 19:22:03] [31merror[39m: [OpenAI] Learning materials generation failed: 401 Incorrect API key provided: sk-abcde*******************************ef12. You can find your API key at https://platform.openai.com/account/api-keys.
[2026-08-18 19:22:03] [31merror[39m: [OpenAI] Key moments detection failed: 401 Incorrect API key provided: sk-abcde*******************************ef12. You can find your API key at https://platform.openai.com/account/api-keys.
[2026-08-18 19:22:04] [31merror[39m: [OpenAI] Learning materials generation failed: 401 Incorrect API key provided: sk-abcde*******************************ef12. You can find your API key at https://platform.openai.com/account/api-keys.
[2026-08-18 19:22:34] [31merror[39m: [OpenAI] Summary generation failed: 401 Incorrect API key provided: sk-abcde*******************************ef12. You can find your API key at https://platform.openai.com/account/api-keys.
[2026-08-18 19:22:34] [31merror[39m: [OpenAI] Key moments detection failed: 401 Incorrect API key provided: sk-abcde*******************************ef12. You can find your API key at https://platform.openai.com/account/api-keys.
[2026-08-18 19:22:35] [31merror[39m: [OpenAI] Learning materials generation failed: 401 Incorrect API key provided: sk-abcde*******************************ef12. You can find your API key at https://platform.openai.com/account/api-keys.
[2026-08-18 19:27:38] [31merror[39m: 401 - Authentication required. Please provide a valid token. - /api/transcripts/a5c0722b-0344-493d-9b31-88119ef9d996/export?format=txt - GET
[2026-08-18 19:27:38] [31merror[39m: Error: Authentication required. Please provide a valid token.
    at createError (C:\Users\satar\.gemini\antigravity\scratch\clipmind-ai\backend\src\middleware\error.middleware.js:42:17)
    at authenticate (C:\Users\satar\.gemini\antigravity\scratch\clipmind-ai\backend\src\middleware\auth.middleware.js:11:19)
    at Layer.handle [as handle_request] (C:\Users\satar\.gemini\antigravity\scratch\clipmind-ai\backend\node_modules\express\lib\router\layer.js:95:5)
    at next (C:\Users\satar\.gemini\antigravity\scratch\clipmind-ai\backend\node_modules\express\lib\router\route.js:149:13)
    at Route.dispatch (C:\Users\satar\.gemini\antigravity\scratch\clipmind-ai\backend\node_modules\express\lib\router\route.js:119:3)
    at Layer.handle [as handle_request] (C:\Users\satar\.gemini\antigravity\scratch\clipmind-ai\backend\node_modules\express\lib\router\layer.js:95:5)
    at C:\Users\satar\.gemini\antigravity\scratch\clipmind-ai\backend\node_modules\express\lib\router\index.js:284:15
    at param (C:\Users\satar\.gemini\antigravity\scratch\clipmind-ai\backend\node_modules\express\lib\router\index.js:365:14)
    at param (C:\Users\satar\.gemini\antigravity\scratch\clipmind-ai\backend\node_modules\express\lib\router\index.js:376:14)
    at Function.process_params (C:\Users\satar\.gemini\antigravity\scratch\clipmind-ai\backend\node_modules\express\lib\router\index.js:421:3)
[2026-08-18 20:07:12] [31merror[39m: [OpenAI] Learning materials generation failed: 401 Incorrect API key provided: sk-abcde*******************************ef12. You can find your API key at https://platform.openai.com/account/api-keys.
[2026-08-18 20:52:07] [31merror[39m: [OpenAI] Learning materials generation failed: 401 Incorrect API key provided: sk-abcde*******************************ef12. You can find your API key at https://platform.openai.com/account/api-keys.
[2026-08-20 21:00:38] [31merror[39m: 401 - Token has expired. - /api/users/profile - GET
[2026-08-20 21:00:38] [31merror[39m: TokenExpiredError: jwt expired
    at C:\Users\satar\.gemini\antigravity\scratch\clipmind-ai\backend\node_modules\jsonwebtoken\verify.js:190:21
    at getSecret (C:\Users\satar\.gemini\antigravity\scratch\clipmind-ai\backend\node_modules\jsonwebtoken\verify.js:97:14)
    at module.exports [as verify] (C:\Users\satar\.gemini\antigravity\scratch\clipmind-ai\backend\node_modules\jsonwebtoken\verify.js:101:10)
    at authenticate (C:\Users\satar\.gemini\antigravity\scratch\clipmind-ai\backend\src\middleware\auth.middleware.js:15:25)
    at Layer.handle [as handle_request] (C:\Users\satar\.gemini\antigravity\scratch\clipmind-ai\backend\node_modules\express\lib\router\layer.js:95:5)
    at next (C:\Users\satar\.gemini\antigravity\scratch\clipmind-ai\backend\node_modules\express\lib\router\route.js:149:13)
    at Route.dispatch (C:\Users\satar\.gemini\antigravity\scratch\clipmind-ai\backend\node_modules\express\lib\router\route.js:119:3)
    at Layer.handle [as handle_request] (C:\Users\satar\.gemini\antigravity\scratch\clipmind-ai\backend\node_modules\express\lib\router\layer.js:95:5)
    at C:\Users\satar\.gemini\antigravity\scratch\clipmind-ai\backend\node_modules\express\lib\router\index.js:284:15
    at Function.process_params (C:\Users\satar\.gemini\antigravity\scratch\clipmind-ai\backend\node_modules\express\lib\router\index.js:346:12)
[2026-08-20 21:00:38] [31merror[39m: 401 - Token has expired. - /api/users/activity?limit=25 - GET
[2026-08-20 21:00:38] [31merror[39m: TokenExpiredError: jwt expired
    at C:\Users\satar\.gemini\antigravity\scratch\clipmind-ai\backend\node_modules\jsonwebtoken\verify.js:190:21
    at getSecret (C:\Users\satar\.gemini\antigravity\scratch\clipmind-ai\backend\node_modules\jsonwebtoken\verify.js:97:14)
    at module.exports [as verify] (C:\Users\satar\.gemini\antigravity\scratch\clipmind-ai\backend\node_modules\jsonwebtoken\verify.js:101:10)
    at authenticate (C:\Users\satar\.gemini\antigravity\scratch\clipmind-ai\backend\src\middleware\auth.middleware.js:15:25)
    at Layer.handle [as handle_request] (C:\Users\satar\.gemini\antigravity\scratch\clipmind-ai\backend\node_modules\express\lib\router\layer.js:95:5)
    at next (C:\Users\satar\.gemini\antigravity\scratch\clipmind-ai\backend\node_modules\express\lib\router\route.js:149:13)
    at Route.dispatch (C:\Users\satar\.gemini\antigravity\scratch\clipmind-ai\backend\node_modules\express\lib\router\route.js:119:3)
    at Layer.handle [as handle_request] (C:\Users\satar\.gemini\antigravity\scratch\clipmind-ai\backend\node_modules\express\lib\router\layer.js:95:5)
    at C:\Users\satar\.gemini\antigravity\scratch\clipmind-ai\backend\node_modules\express\lib\router\index.js:284:15
    at Function.process_params (C:\Users\satar\.gemini\antigravity\scratch\clipmind-ai\backend\node_modules\express\lib\router\index.js:346:12)
[2026-08-20 21:00:38] [31merror[39m: 401 - Token has expired. - /api/users/activity?limit=25 - GET
[2026-08-20 21:00:38] [31merror[39m: TokenExpiredError: jwt expired
    at C:\Users\satar\.gemini\antigravity\scratch\clipmind-ai\backend\node_modules\jsonwebtoken\verify.js:190:21
    at getSecret (C:\Users\satar\.gemini\antigravity\scratch\clipmind-ai\backend\node_modules\jsonwebtoken\verify.js:97:14)
    at module.exports [as verify] (C:\Users\satar\.gemini\antigravity\scratch\clipmind-ai\backend\node_modules\jsonwebtoken\verify.js:101:10)
    at authenticate (C:\Users\satar\.gemini\antigravity\scratch\clipmind-ai\backend\src\middleware\auth.middleware.js:15:25)
    at Layer.handle [as handle_request] (C:\Users\satar\.gemini\antigravity\scratch\clipmind-ai\backend\node_modules\express\lib\router\layer.js:95:5)
    at next (C:\Users\satar\.gemini\antigravity\scratch\clipmind-ai\backend\node_modules\express\lib\router\route.js:149:13)
    at Route.dispatch (C:\Users\satar\.gemini\antigravity\scratch\clipmind-ai\backend\node_modules\express\lib\router\route.js:119:3)
    at Layer.handle [as handle_request] (C:\Users\satar\.gemini\antigravity\scratch\clipmind-ai\backend\node_modules\express\lib\router\layer.js:95:5)
    at C:\Users\satar\.gemini\antigravity\scratch\clipmind-ai\backend\node_modules\express\lib\router\index.js:284:15
    at Function.process_params (C:\Users\satar\.gemini\antigravity\scratch\clipmind-ai\backend\node_modules\express\lib\router\index.js:346:12)
[2026-08-20 21:00:38] [31merror[39m: 401 - Token has expired. - /api/users/profile - GET
[2026-08-20 21:00:38] [31merror[39m: TokenExpiredError: jwt expired
    at C:\Users\satar\.gemini\antigravity\scratch\clipmind-ai\backend\node_modules\jsonwebtoken\verify.js:190:21
    at getSecret (C:\Users\satar\.gemini\antigravity\scratch\clipmind-ai\backend\node_modules\jsonwebtoken\verify.js:97:14)
    at module.exports [as verify] (C:\Users\satar\.gemini\antigravity\scratch\clipmind-ai\backend\node_modules\jsonwebtoken\verify.js:101:10)
    at authenticate (C:\Users\satar\.gemini\antigravity\scratch\clipmind-ai\backend\src\middleware\auth.middleware.js:15:25)
    at Layer.handle [as handle_request] (C:\Users\satar\.gemini\antigravity\scratch\clipmind-ai\backend\node_modules\express\lib\router\layer.js:95:5)
    at next (C:\Users\satar\.gemini\antigravity\scratch\clipmind-ai\backend\node_modules\express\lib\router\route.js:149:13)
    at Route.dispatch (C:\Users\satar\.gemini\antigravity\scratch\clipmind-ai\backend\node_modules\express\lib\router\route.js:119:3)
    at Layer.handle [as handle_request] (C:\Users\satar\.gemini\antigravity\scratch\clipmind-ai\backend\node_modules\express\lib\router\layer.js:95:5)
    at C:\Users\satar\.gemini\antigravity\scratch\clipmind-ai\backend\node_modules\express\lib\router\index.js:284:15
    at Function.process_params (C:\Users\satar\.gemini\antigravity\scratch\clipmind-ai\backend\node_modules\express\lib\router\index.js:346:12)
[2026-08-20 21:00:38] [31merror[39m: 401 - Token has expired. - /api/users/activity?limit=25 - GET
[2026-08-20 21:00:38] [31merror[39m: TokenExpiredError: jwt expired
    at C:\Users\satar\.gemini\antigravity\scratch\clipmind-ai\backend\node_modules\jsonwebtoken\verify.js:190:21
    at getSecret (C:\Users\satar\.gemini\antigravity\scratch\clipmind-ai\backend\node_modules\jsonwebtoken\verify.js:97:14)
    at module.exports [as verify] (C:\Users\satar\.gemini\antigravity\scratch\clipmind-ai\backend\node_modules\jsonwebtoken\verify.js:101:10)
    at authenticate (C:\Users\satar\.gemini\antigravity\scratch\clipmind-ai\backend\src\middleware\auth.middleware.js:15:25)
    at Layer.handle [as handle_request] (C:\Users\satar\.gemini\antigravity\scratch\clipmind-ai\backend\node_modules\express\lib\router\layer.js:95:5)
    at next (C:\Users\satar\.gemini\antigravity\scratch\clipmind-ai\backend\node_modules\express\lib\router\route.js:149:13)
    at Route.dispatch (C:\Users\satar\.gemini\antigravity\scratch\clipmind-ai\backend\node_modules\express\lib\router\route.js:119:3)
    at Layer.handle [as handle_request] (C:\Users\satar\.gemini\antigravity\scratch\clipmind-ai\backend\node_modules\express\lib\router\layer.js:95:5)
    at C:\Users\satar\.gemini\antigravity\scratch\clipmind-ai\backend\node_modules\express\lib\router\index.js:284:15
    at Function.process_params (C:\Users\satar\.gemini\antigravity\scratch\clipmind-ai\backend\node_modules\express\lib\router\index.js:346:12)
[2026-08-20 21:00:38] [31merror[39m: 401 - Token has expired. - /api/users/profile - GET
[2026-08-20 21:00:38] [31merror[39m: TokenExpiredError: jwt expired
    at C:\Users\satar\.gemini\antigravity\scratch\clipmind-ai\backend\node_modules\jsonwebtoken\verify.js:190:21
    at getSecret (C:\Users\satar\.gemini\antigravity\scratch\clipmind-ai\backend\node_modules\jsonwebtoken\verify.js:97:14)
    at module.exports [as verify] (C:\Users\satar\.gemini\antigravity\scratch\clipmind-ai\backend\node_modules\jsonwebtoken\verify.js:101:10)
    at authenticate (C:\Users\satar\.gemini\antigravity\scratch\clipmind-ai\backend\src\middleware\auth.middleware.js:15:25)
    at Layer.handle [as handle_request] (C:\Users\satar\.gemini\antigravity\scratch\clipmind-ai\backend\node_modules\express\lib\router\layer.js:95:5)
    at next (C:\Users\satar\.gemini\antigravity\scratch\clipmind-ai\backend\node_modules\express\lib\router\route.js:149:13)
    at Route.dispatch (C:\Users\satar\.gemini\antigravity\scratch\clipmind-ai\backend\node_modules\express\lib\router\route.js:119:3)
    at Layer.handle [as handle_request] (C:\Users\satar\.gemini\antigravity\scratch\clipmind-ai\backend\node_modules\express\lib\router\layer.js:95:5)
    at C:\Users\satar\.gemini\antigravity\scratch\clipmind-ai\backend\node_modules\express\lib\router\index.js:284:15
    at Function.process_params (C:\Users\satar\.gemini\antigravity\scratch\clipmind-ai\backend\node_modules\express\lib\router\index.js:346:12)
[2026-08-20 21:00:38] [31merror[39m: 401 - Token has expired. - /api/users/activity?limit=25 - GET
[2026-08-20 21:00:38] [31merror[39m: TokenExpiredError: jwt expired
    at C:\Users\satar\.gemini\antigravity\scratch\clipmind-ai\backend\node_modules\jsonwebtoken\verify.js:190:21
    at getSecret (C:\Users\satar\.gemini\antigravity\scratch\clipmind-ai\backend\node_modules\jsonwebtoken\verify.js:97:14)
    at module.exports [as verify] (C:\Users\satar\.gemini\antigravity\scratch\clipmind-ai\backend\node_modules\jsonwebtoken\verify.js:101:10)
    at authenticate (C:\Users\satar\.gemini\antigravity\scratch\clipmind-ai\backend\src\middleware\auth.middleware.js:15:25)
    at Layer.handle [as handle_request] (C:\Users\satar\.gemini\antigravity\scratch\clipmind-ai\backend\node_modules\express\lib\router\layer.js:95:5)
    at next (C:\Users\satar\.gemini\antigravity\scratch\clipmind-ai\backend\node_modules\express\lib\router\route.js:149:13)
    at Route.dispatch (C:\Users\satar\.gemini\antigravity\scratch\clipmind-ai\backend\node_modules\express\lib\router\route.js:119:3)
    at Layer.handle [as handle_request] (C:\Users\satar\.gemini\antigravity\scratch\clipmind-ai\backend\node_modules\express\lib\router\layer.js:95:5)
    at C:\Users\satar\.gemini\antigravity\scratch\clipmind-ai\backend\node_modules\express\lib\router\index.js:284:15
    at Function.process_params (C:\Users\satar\.gemini\antigravity\scratch\clipmind-ai\backend\node_modules\express\lib\router\index.js:346:12)
[2026-08-20 21:00:38] [31merror[39m: 401 - Token has expired. - /api/users/profile - GET
[2026-08-20 21:00:38] [31merror[39m: TokenExpiredError: jwt expired
    at C:\Users\satar\.gemini\antigravity\scratch\clipmind-ai\backend\node_modules\jsonwebtoken\verify.js:190:21
    at getSecret (C:\Users\satar\.gemini\antigravity\scratch\clipmind-ai\backend\node_modules\jsonwebtoken\verify.js:97:14)
    at module.exports [as verify] (C:\Users\satar\.gemini\antigravity\scratch\clipmind-ai\backend\node_modules\jsonwebtoken\verify.js:101:10)
    at authenticate (C:\Users\satar\.gemini\antigravity\scratch\clipmind-ai\backend\src\middleware\auth.middleware.js:15:25)
    at Layer.handle [as handle_request] (C:\Users\satar\.gemini\antigravity\scratch\clipmind-ai\backend\node_modules\express\lib\router\layer.js:95:5)
    at next (C:\Users\satar\.gemini\antigravity\scratch\clipmind-ai\backend\node_modules\express\lib\router\route.js:149:13)
    at Route.dispatch (C:\Users\satar\.gemini\antigravity\scratch\clipmind-ai\backend\node_modules\express\lib\router\route.js:119:3)
    at Layer.handle [as handle_request] (C:\Users\satar\.gemini\antigravity\scratch\clipmind-ai\backend\node_modules\express\lib\router\layer.js:95:5)
    at C:\Users\satar\.gemini\antigravity\scratch\clipmind-ai\backend\node_modules\express\lib\router\index.js:284:15
    at Function.process_params (C:\Users\satar\.gemini\antigravity\scratch\clipmind-ai\backend\node_modules\express\lib\router\index.js:346:12)
[2026-08-20 21:00:38] [31merror[39m: 401 - Token has expired. - /api/users/activity?limit=25 - GET
[2026-08-20 21:00:38] [31merror[39m: TokenExpiredError: jwt expired
    at C:\Users\satar\.gemini\antigravity\scratch\clipmind-ai\backend\node_modules\jsonwebtoken\verify.js:190:21
    at getSecret (C:\Users\satar\.gemini\antigravity\scratch\clipmind-ai\backend\node_modules\jsonwebtoken\verify.js:97:14)
    at module.exports [as verify] (C:\Users\satar\.gemini\antigravity\scratch\clipmind-ai\backend\node_modules\jsonwebtoken\verify.js:101:10)
    at authenticate (C:\Users\satar\.gemini\antigravity\scratch\clipmind-ai\backend\src\middleware\auth.middleware.js:15:25)
    at Layer.handle [as handle_request] (C:\Users\satar\.gemini\antigravity\scratch\clipmind-ai\backend\node_modules\express\lib\router\layer.js:95:5)
    at next (C:\Users\satar\.gemini\antigravity\scratch\clipmind-ai\backend\node_modules\express\lib\router\route.js:149:13)
    at Route.dispatch (C:\Users\satar\.gemini\antigravity\scratch\clipmind-ai\backend\node_modules\express\lib\router\route.js:119:3)
    at Layer.handle [as handle_request] (C:\Users\satar\.gemini\antigravity\scratch\clipmind-ai\backend\node_modules\express\lib\router\layer.js:95:5)
    at C:\Users\satar\.gemini\antigravity\scratch\clipmind-ai\backend\node_modules\express\lib\router\index.js:284:15
    at Function.process_params (C:\Users\satar\.gemini\antigravity\scratch\clipmind-ai\backend\node_modules\express\lib\router\index.js:346:12)
[2026-08-20 21:00:38] [31merror[39m: 401 - Token has expired. - /api/users/profile - GET
[2026-08-20 21:00:38] [31merror[39m: TokenExpiredError: jwt expired
    at C:\Users\satar\.gemini\antigravity\scratch\clipmind-ai\backend\node_modules\jsonwebtoken\verify.js:190:21
    at getSecret (C:\Users\satar\.gemini\antigravity\scratch\clipmind-ai\backend\node_modules\jsonwebtoken\verify.js:97:14)
    at module.exports [as verify] (C:\Users\satar\.gemini\antigravity\scratch\clipmind-ai\backend\node_modules\jsonwebtoken\verify.js:101:10)
    at authenticate (C:\Users\satar\.gemini\antigravity\scratch\clipmind-ai\backend\src\middleware\auth.middleware.js:15:25)
    at Layer.handle [as handle_request] (C:\Users\satar\.gemini\antigravity\scratch\clipmind-ai\backend\node_modules\express\lib\router\layer.js:95:5)
    at next (C:\Users\satar\.gemini\antigravity\scratch\clipmind-ai\backend\node_modules\express\lib\router\route.js:149:13)
    at Route.dispatch (C:\Users\satar\.gemini\antigravity\scratch\clipmind-ai\backend\node_modules\express\lib\router\route.js:119:3)
    at Layer.handle [as handle_request] (C:\Users\satar\.gemini\antigravity\scratch\clipmind-ai\backend\node_modules\express\lib\router\layer.js:95:5)
    at C:\Users\satar\.gemini\antigravity\scratch\clipmind-ai\backend\node_modules\express\lib\router\index.js:284:15
    at Function.process_params (C:\Users\satar\.gemini\antigravity\scratch\clipmind-ai\backend\node_modules\express\lib\router\index.js:346:12)
[2026-08-20 21:00:38] [31merror[39m: 401 - Token has expired. - /api/users/activity?limit=25 - GET
[2026-08-20 21:00:38] [31merror[39m: TokenExpiredError: jwt expired
    at C:\Users\satar\.gemini\antigravity\scratch\clipmind-ai\backend\node_modules\jsonwebtoken\verify.js:190:21
    at getSecret (C:\Users\satar\.gemini\antigravity\scratch\clipmind-ai\backend\node_modules\jsonwebtoken\verify.js:97:14)
    at module.exports [as verify] (C:\Users\satar\.gemini\antigravity\scratch\clipmind-ai\backend\node_modules\jsonwebtoken\verify.js:101:10)
    at authenticate (C:\Users\satar\.gemini\antigravity\scratch\clipmind-ai\backend\src\middleware\auth.middleware.js:15:25)
    at Layer.handle [as handle_request] (C:\Users\satar\.gemini\antigravity\scratch\clipmind-ai\backend\node_modules\express\lib\router\layer.js:95:5)
    at next (C:\Users\satar\.gemini\antigravity\scratch\clipmind-ai\backend\node_modules\express\lib\router\route.js:149:13)
    at Route.dispatch (C:\Users\satar\.gemini\antigravity\scratch\clipmind-ai\backend\node_modules\express\lib\router\route.js:119:3)
    at Layer.handle [as handle_request] (C:\Users\satar\.gemini\antigravity\scratch\clipmind-ai\backend\node_modules\express\lib\router\layer.js:95:5)
    at C:\Users\satar\.gemini\antigravity\scratch\clipmind-ai\backend\node_modules\express\lib\router\index.js:284:15
    at Function.process_params (C:\Users\satar\.gemini\antigravity\scratch\clipmind-ai\backend\node_modules\express\lib\router\index.js:346:12)
[2026-08-20 21:00:38] [31merror[39m: 401 - Token has expired. - /api/users/profile - GET
[2026-08-20 21:00:38] [31merror[39m: TokenExpiredError: jwt expired
    at C:\Users\satar\.gemini\antigravity\scratch\clipmind-ai\backend\node_modules\jsonwebtoken\verify.js:190:21
    at getSecret (C:\Users\satar\.gemini\antigravity\scratch\clipmind-ai\backend\node_modules\jsonwebtoken\verify.js:97:14)
    at module.exports [as verify] (C:\Users\satar\.gemini\antigravity\scratch\clipmind-ai\backend\node_modules\jsonwebtoken\verify.js:101:10)
    at authenticate (C:\Users\satar\.gemini\antigravity\scratch\clipmind-ai\backend\src\middleware\auth.middleware.js:15:25)
    at Layer.handle [as handle_request] (C:\Users\satar\.gemini\antigravity\scratch\clipmind-ai\backend\node_modules\express\lib\router\layer.js:95:5)
    at next (C:\Users\satar\.gemini\antigravity\scratch\clipmind-ai\backend\node_modules\express\lib\router\route.js:149:13)
    at Route.dispatch (C:\Users\satar\.gemini\antigravity\scratch\clipmind-ai\backend\node_modules\express\lib\router\route.js:119:3)
    at Layer.handle [as handle_request] (C:\Users\satar\.gemini\antigravity\scratch\clipmind-ai\backend\node_modules\express\lib\router\layer.js:95:5)
    at C:\Users\satar\.gemini\antigravity\scratch\clipmind-ai\backend\node_modules\express\lib\router\index.js:284:15
    at Function.process_params (C:\Users\satar\.gemini\antigravity\scratch\clipmind-ai\backend\node_modules\express\lib\router\index.js:346:12)
[2026-08-20 21:00:38] [31merror[39m: 401 - Token has expired. - /api/users/activity?limit=25 - GET
[2026-08-20 21:00:38] [31merror[39m: TokenExpiredError: jwt expired
    at C:\Users\satar\.gemini\antigravity\scratch\clipmind-ai\backend\node_modules\jsonwebtoken\verify.js:190:21
    at getSecret (C:\Users\satar\.gemini\antigravity\scratch\clipmind-ai\backend\node_modules\jsonwebtoken\verify.js:97:14)
    at module.exports [as verify] (C:\Users\satar\.gemini\antigravity\scratch\clipmind-ai\backend\node_modules\jsonwebtoken\verify.js:101:10)
    at authenticate (C:\Users\satar\.gemini\antigravity\scratch\clipmind-ai\backend\src\middleware\auth.middleware.js:15:25)
    at Layer.handle [as handle_request] (C:\Users\satar\.gemini\antigravity\scratch\clipmind-ai\backend\node_modules\express\lib\router\layer.js:95:5)
    at next (C:\Users\satar\.gemini\antigravity\scratch\clipmind-ai\backend\node_modules\express\lib\router\route.js:149:13)
    at Route.dispatch (C:\Users\satar\.gemini\antigravity\scratch\clipmind-ai\backend\node_modules\express\lib\router\route.js:119:3)
    at Layer.handle [as handle_request] (C:\Users\satar\.gemini\antigravity\scratch\clipmind-ai\backend\node_modules\express\lib\router\layer.js:95:5)
    at C:\Users\satar\.gemini\antigravity\scratch\clipmind-ai\backend\node_modules\express\lib\router\index.js:284:15
    at Function.process_params (C:\Users\satar\.gemini\antigravity\scratch\clipmind-ai\backend\node_modules\express\lib\router\index.js:346:12)
[2026-08-20 21:00:38] [31merror[39m: 401 - Token has expired. - /api/users/profile - GET
[2026-08-20 21:00:38] [31merror[39m: TokenExpiredError: jwt expired
    at C:\Users\satar\.gemini\antigravity\scratch\clipmind-ai\backend\node_modules\jsonwebtoken\verify.js:190:21
    at getSecret (C:\Users\satar\.gemini\antigravity\scratch\clipmind-ai\backend\node_modules\jsonwebtoken\verify.js:97:14)
    at module.exports [as verify] (C:\Users\satar\.gemini\antigravity\scratch\clipmind-ai\backend\node_modules\jsonwebtoken\verify.js:101:10)
    at authenticate (C:\Users\satar\.gemini\antigravity\scratch\clipmind-ai\backend\src\middleware\auth.middleware.js:15:25)
    at Layer.handle [as handle_request] (C:\Users\satar\.gemini\antigravity\scratch\clipmind-ai\backend\node_modules\express\lib\router\layer.js:95:5)
    at next (C:\Users\satar\.gemini\antigravity\scratch\clipmind-ai\backend\node_modules\express\lib\router\route.js:149:13)
    at Route.dispatch (C:\Users\satar\.gemini\antigravity\scratch\clipmind-ai\backend\node_modules\express\lib\router\route.js:119:3)
    at Layer.handle [as handle_request] (C:\Users\satar\.gemini\antigravity\scratch\clipmind-ai\backend\node_modules\express\lib\router\layer.js:95:5)
    at C:\Users\satar\.gemini\antigravity\scratch\clipmind-ai\backend\node_modules\express\lib\router\index.js:284:15
    at Function.process_params (C:\Users\satar\.gemini\antigravity\scratch\clipmind-ai\backend\node_modules\express\lib\router\index.js:346:12)
[2026-08-20 21:00:38] [31merror[39m: 401 - Token has expired. - /api/users/activity?limit=25 - GET
[2026-08-20 21:00:38] [31merror[39m: TokenExpiredError: jwt expired
    at C:\Users\satar\.gemini\antigravity\scratch\clipmind-ai\backend\node_modules\jsonwebtoken\verify.js:190:21
    at getSecret (C:\Users\satar\.gemini\antigravity\scratch\clipmind-ai\backend\node_modules\jsonwebtoken\verify.js:97:14)
    at module.exports [as verify] (C:\Users\satar\.gemini\antigravity\scratch\clipmind-ai\backend\node_modules\jsonwebtoken\verify.js:101:10)
    at authenticate (C:\Users\satar\.gemini\antigravity\scratch\clipmind-ai\backend\src\middleware\auth.middleware.js:15:25)
    at Layer.handle [as handle_request] (C:\Users\satar\.gemini\antigravity\scratch\clipmind-ai\backend\node_modules\express\lib\router\layer.js:95:5)
    at next (C:\Users\satar\.gemini\antigravity\scratch\clipmind-ai\backend\node_modules\express\lib\router\route.js:149:13)
    at Route.dispatch (C:\Users\satar\.gemini\antigravity\scratch\clipmind-ai\backend\node_modules\express\lib\router\route.js:119:3)
    at Layer.handle [as handle_request] (C:\Users\satar\.gemini\antigravity\scratch\clipmind-ai\backend\node_modules\express\lib\router\layer.js:95:5)
    at C:\Users\satar\.gemini\antigravity\scratch\clipmind-ai\backend\node_modules\express\lib\router\index.js:284:15
    at Function.process_params (C:\Users\satar\.gemini\antigravity\scratch\clipmind-ai\backend\node_modules\express\lib\router\index.js:346:12)
[2026-08-20 21:00:38] [31merror[39m: 401 - Token has expired. - /api/users/profile - GET
[2026-08-20 21:00:38] [31merror[39m: TokenExpiredError: jwt expired
    at C:\Users\satar\.gemini\antigravity\scratch\clipmind-ai\backend\node_modules\jsonwebtoken\verify.js:190:21
    at getSecret (C:\Users\satar\.gemini\antigravity\scratch\clipmind-ai\backend\node_modules\jsonwebtoken\verify.js:97:14)
    at module.exports [as verify] (C:\Users\satar\.gemini\antigravity\scratch\clipmind-ai\backend\node_modules\jsonwebtoken\verify.js:101:10)
    at authenticate (C:\Users\satar\.gemini\antigravity\scratch\clipmind-ai\backend\src\middleware\auth.middleware.js:15:25)
    at Layer.handle [as handle_request] (C:\Users\satar\.gemini\antigravity\scratch\clipmind-ai\backend\node_modules\express\lib\router\layer.js:95:5)
    at next (C:\Users\satar\.gemini\antigravity\scratch\clipmind-ai\backend\node_modules\express\lib\router\route.js:149:13)
    at Route.dispatch (C:\Users\satar\.gemini\antigravity\scratch\clipmind-ai\backend\node_modules\express\lib\router\route.js:119:3)
    at Layer.handle [as handle_request] (C:\Users\satar\.gemini\antigravity\scratch\clipmind-ai\backend\node_modules\express\lib\router\layer.js:95:5)
    at C:\Users\satar\.gemini\antigravity\scratch\clipmind-ai\backend\node_modules\express\lib\router\index.js:284:15
    at Function.process_params (C:\Users\satar\.gemini\antigravity\scratch\clipmind-ai\backend\node_modules\express\lib\router\index.js:346:12)
[2026-08-21 17:33:02] [31merror[39m: [OpenAI] Summary generation failed: 401 Incorrect API key provided: sk-abcde*******************************ef12. You can find your API key at https://platform.openai.com/account/api-keys.
[2026-08-21 17:33:02] [31merror[39m: [OpenAI] Key moments detection failed: 401 Incorrect API key provided: sk-abcde*******************************ef12. You can find your API key at https://platform.openai.com/account/api-keys.
[2026-08-21 17:33:03] [31merror[39m: [OpenAI] Learning materials generation failed: 401 Incorrect API key provided: sk-abcde*******************************ef12. You can find your API key at https://platform.openai.com/account/api-keys.
[2026-08-21 17:33:13] [31merror[39m: [OpenAI] Summary generation failed: 401 Incorrect API key provided: sk-abcde*******************************ef12. You can find your API key at https://platform.openai.com/account/api-keys.
[2026-08-21 17:33:14] [31merror[39m: [OpenAI] Key moments detection failed: 401 Incorrect API key provided: sk-abcde*******************************ef12. You can find your API key at https://platform.openai.com/account/api-keys.
[2026-08-21 17:33:14] [31merror[39m: [OpenAI] Learning materials generation failed: 401 Incorrect API key provided: sk-abcde*******************************ef12. You can find your API key at https://platform.openai.com/account/api-keys.
[2026-08-21 17:33:29] [31merror[39m: [OpenAI] Summary generation failed: 401 Incorrect API key provided: sk-abcde*******************************ef12. You can find your API key at https://platform.openai.com/account/api-keys.
[2026-08-21 17:33:29] [31merror[39m: [OpenAI] Key moments detection failed: 401 Incorrect API key provided: sk-abcde*******************************ef12. You can find your API key at https://platform.openai.com/account/api-keys.
[2026-08-21 17:33:30] [31merror[39m: [OpenAI] Learning materials generation failed: 401 Incorrect API key provided: sk-abcde*******************************ef12. You can find your API key at https://platform.openai.com/account/api-keys.
[2026-08-21 17:33:39] [31merror[39m: [OpenAI] Summary generation failed: 401 Incorrect API key provided: sk-abcde*******************************ef12. You can find your API key at https://platform.openai.com/account/api-keys.
[2026-08-21 17:33:39] [31merror[39m: [OpenAI] Key moments detection failed: 401 Incorrect API key provided: sk-abcde*******************************ef12. You can find your API key at https://platform.openai.com/account/api-keys.
[2026-08-21 17:33:40] [31merror[39m: [OpenAI] Learning materials generation failed: 401 Incorrect API key provided: sk-abcde*******************************ef12. You can find your API key at https://platform.openai.com/account/api-keys.
[2026-08-21 17:34:13] [31merror[39m: [OpenAI] Learning materials generation failed: 401 Incorrect API key provided: sk-abcde*******************************ef12. You can find your API key at https://platform.openai.com/account/api-keys.
[2026-08-21 17:34:27] [31merror[39m: [OpenAI] Summary generation failed: 401 Incorrect API key provided: sk-abcde*******************************ef12. You can find your API key at https://platform.openai.com/account/api-keys.
[2026-08-21 17:34:27] [31merror[39m: [OpenAI] Key moments detection failed: 401 Incorrect API key provided: sk-abcde*******************************ef12. You can find your API key at https://platform.openai.com/account/api-keys.
[2026-08-21 17:34:28] [31merror[39m: [OpenAI] Learning materials generation failed: 401 Incorrect API key provided: sk-abcde*******************************ef12. You can find your API key at https://platform.openai.com/account/api-keys.
